frame_id,source_time_s,detection_count,track_count,unconfirmed_count,target_status,selected_track_id,active_track_id,target_x1,target_y1,target_x2,target_y2,missing_frames,detector_ms,tracking_ms,pipeline_ms,reacquire_candidate_count,reacquire_best_score,reacquire_second_best_score,reacquire_score_gap,reacquire_rejected_ambiguous,reacquire_same_class_tracks,reacquire_rejected_invalid_geometry,reacquire_rejected_center,reacquire_rejected_scale,reacquire_rejected_aspect
0,0.0,1,0,1,idle,,,,,,,0,16.9484,115.0186,136.2836,0,,,,0,0,0,0,0,0
1,0.03333333333333333,2,1,1,idle,,,,,,,0,9.5308,97.1569,113.0629,0,,,,0,0,0,0,0,0
2,0.06666666666666667,2,1,1,idle,,,,,,,0,12.5434,0.9241,20.4053,0,,,,0,0,0,0,0,0
3,0.1,2,2,0,idle,,,,,,,0,13.9638,0.6154,23.4583,0,,,,0,0,0,0,0,0
4,0.13333333333333333,2,2,0,idle,,,,,,,0,18.2619,0.3726,23.3103,0,,,,0,0,0,0,0,0
5,0.16666666666666666,2,2,0,locked,0,0,272.0,269.0,978.0,720.0,0,13.9391,17.5457,35.5541,0,,,,0,0,0,0,0,0
6,0.2,2,2,0,locked,0,0,272.0,271.0,978.5,720.0,0,19.7162,0.437,24.3465,0,,,,0,0,0,0,0,0
7,0.23333333333333334,2,2,0,locked,0,0,273.5,272.5,985.0,720.0,0,26.1673,0.8675,32.8965,0,,,,0,0,0,0,0,0
8,0.26666666666666666,2,2,0,locked,0,0,271.5,271.5,984.5,720.0,0,15.2757,0.4602,23.3807,0,,,,0,0,0,0,0,0
9,0.3,2,2,0,locked,0,0,273.5,272.0,984.0,720.0,0,13.0444,0.4357,18.5691,0,,,,0,0,0,0,0,0
10,0.3333333333333333,2,2,0,locked,0,0,272.0,272.0,981.0,720.0,0,15.6475,0.384,22.6231,0,,,,0,0,0,0,0,0
11,0.36666666666666664,2,2,0,locked,0,0,273.0,272.25,980.0,720.0,0,11.2965,0.4164,15.8989,0,,,,0,0,0,0,0,0
12,0.4,2,2,0,locked,0,0,272.5,272.25,984.5,720.0,0,10.2006,0.3722,14.5917,0,,,,0,0,0,0,0,0
13,0.43333333333333335,2,2,0,locked,0,0,272.0,273.5,982.5,720.0,0,10.2015,0.3724,15.0639,0,,,,0,0,0,0,0,0
14,0.4666666666666667,2,2,0,locked,0,0,272.5,272.5,981.5,720.0,0,9.5208,0.3364,13.6912,0,,,,0,0,0,0,0,0
15,0.5,2,2,0,locked,0,0,273.5,270.25,981.0,720.0,0,9.3034,0.3351,13.4561,0,,,,0,0,0,0,0,0
16,0.5333333333333333,2,2,0,locked,0,0,273.5,273.5,981.5,720.0,0,9.7123,0.3464,13.9759,0,,,,0,0,0,0,0,0
17,0.5666666666666667,2,2,0,locked,0,0,273.0,271.0,975.0,720.0,0,16.3601,0.3676,20.9085,0,,,,0,0,0,0,0,0
18,0.6,2,2,0,locked,0,0,273.5,271.25,978.0,720.0,0,12.2649,0.6011,18.3636,0,,,,0,0,0,0,0,0
19,0.6333333333333333,2,2,0,locked,0,0,272.5,270.0,977.0,720.0,0,14.0822,0.4369,19.2346,0,,,,0,0,0,0,0,0
20,0.6666666666666666,2,2,0,locked,0,0,273.0,269.0,975.5,720.0,0,17.8628,0.3565,22.3464,0,,,,0,0,0,0,0,0
21,0.7,2,2,0,locked,0,0,272.0,267.5,975.5,720.0,0,9.1181,0.3275,13.4365,0,,,,0,0,0,0,0,0
22,0.7333333333333333,2,2,0,locked,0,0,272.0,264.5,970.5,720.0,0,9.4283,0.3283,13.5383,0,,,,0,0,0,0,0,0
23,0.7666666666666667,2,2,0,locked,0,0,273.5,261.0,976.5,720.0,0,9.9925,0.3441,14.1636,0,,,,0,0,0,0,0,0
24,0.8,2,2,0,locked,0,0,271.0,255.0,972.5,720.0,0,12.9075,0.3367,17.1126,0,,,,0,0,0,0,0,0
25,0.8333333333333334,2,2,0,locked,0,0,270.0,256.0,973.0,720.0,0,10.6336,0.3377,14.744,0,,,,0,0,0,0,0,0
26,0.8666666666666667,2,2,0,locked,0,0,271.0,255.75,977.5,720.0,0,10.469,0.3266,14.6324,0,,,,0,0,0,0,0,0
27,0.9,2,2,0,locked,0,0,270.5,251.25,970.0,720.0,0,11.4738,0.3356,15.6754,0,,,,0,0,0,0,0,0
28,0.9333333333333333,2,2,0,locked,0,0,270.5,250.0,970.0,720.0,0,8.6608,0.3235,12.7119,0,,,,0,0,0,0,0,0
29,0.9666666666666667,2,2,0,locked,0,0,269.5,247.25,970.0,720.0,0,12.7285,0.322,16.8456,0,,,,0,0,0,0,0,0
30,1.0,2,2,0,locked,0,0,267.5,247.0,973.0,720.0,0,12.7597,0.3292,16.8582,0,,,,0,0,0,0,0,0
31,1.0333333333333334,2,2,0,locked,0,0,265.0,247.0,973.5,720.0,0,12.1463,0.3436,16.2477,0,,,,0,0,0,0,0,0
32,1.0666666666666667,2,2,0,locked,0,0,263.0,245.25,971.0,720.0,0,8.9429,0.3121,13.0397,0,,,,0,0,0,0,0,0
33,1.1,2,2,0,locked,0,0,262.5,243.0,972.5,719.5,0,8.8238,0.3156,12.845,0,,,,0,0,0,0,0,0
34,1.1333333333333333,2,2,0,locked,0,0,261.0,241.75,971.0,720.0,0,8.6896,0.3155,12.7098,0,,,,0,0,0,0,0,0
35,1.1666666666666667,2,2,0,locked,0,0,258.5,238.5,972.0,719.5,0,8.6405,0.2959,12.6174,0,,,,0,0,0,0,0,0
36,1.2,2,2,0,locked,0,0,257.5,227.0,974.0,719.0,0,9.9195,0.3307,13.9908,0,,,,0,0,0,0,0,0
37,1.2333333333333334,2,2,0,locked,0,0,255.5,225.0,971.5,718.5,0,10.8007,0.3145,14.8863,0,,,,0,0,0,0,0,0
38,1.2666666666666666,2,2,0,locked,0,0,254.5,219.0,981.5,718.5,0,10.1324,0.3378,14.3545,0,,,,0,0,0,0,0,0
39,1.3,2,2,0,locked,0,0,251.0,216.5,979.0,718.5,0,13.0855,0.305,17.2387,0,,,,0,0,0,0,0,0
40,1.3333333333333333,2,2,0,locked,0,0,249.0,215.25,983.0,719.0,0,11.0649,0.3351,15.1346,0,,,,0,0,0,0,0,0
41,1.3666666666666667,2,2,0,locked,0,0,248.0,215.25,987.0,718.0,0,12.7166,0.3183,16.7716,0,,,,0,0,0,0,0,0
42,1.4,2,2,0,locked,0,0,246.0,213.5,986.0,717.5,0,10.7886,0.3158,14.892,0,,,,0,0,0,0,0,0
43,1.4333333333333333,2,2,0,locked,0,0,241.5,211.0,986.5,717.0,0,14.438,0.3037,18.4888,0,,,,0,0,0,0,0,0
44,1.4666666666666666,2,2,0,locked,0,0,241.0,208.5,988.0,717.0,0,9.7447,0.3021,13.7951,0,,,,0,0,0,0,0,0
45,1.5,2,2,0,locked,0,0,241.0,206.5,989.5,716.5,0,11.997,0.327,16.0853,0,,,,0,0,0,0,0,0
46,1.5333333333333334,2,2,0,locked,0,0,239.5,204.0,991.0,716.0,0,11.532,0.3168,15.6662,0,,,,0,0,0,0,0,0
47,1.5666666666666667,2,2,0,locked,0,0,239.0,202.25,995.5,717.0,0,11.076,0.3315,15.3402,0,,,,0,0,0,0,0,0
48,1.6,2,2,0,locked,0,0,239.0,200.25,988.5,716.5,0,9.4456,0.3247,13.7382,0,,,,0,0,0,0,0,0
49,1.6333333333333333,2,2,0,locked,0,0,238.5,198.5,992.0,716.5,0,12.33,0.3176,16.4353,0,,,,0,0,0,0,0,0
50,1.6666666666666667,2,2,0,locked,0,0,237.0,197.0,987.5,716.0,0,13.0969,0.4837,17.4634,0,,,,0,0,0,0,0,0
51,1.7,2,2,0,locked,0,0,237.0,196.5,991.5,716.5,0,13.5838,0.3832,18.9093,0,,,,0,0,0,0,0,0
52,1.7333333333333334,2,2,0,locked,0,0,235.5,195.25,990.0,716.0,0,9.4361,0.3272,13.6264,0,,,,0,0,0,0,0,0
53,1.7666666666666666,2,2,0,locked,0,0,236.0,195.0,991.5,716.0,0,9.0211,0.3261,13.1557,0,,,,0,0,0,0,0,0
54,1.8,2,2,0,locked,0,0,237.0,194.0,990.0,716.5,0,15.1236,0.3382,19.2988,0,,,,0,0,0,0,0,0
55,1.8333333333333333,2,2,0,locked,0,0,234.5,194.0,994.5,716.0,0,11.0013,0.3182,15.1092,0,,,,0,0,0,0,0,0
56,1.8666666666666667,2,2,0,locked,0,0,234.0,192.75,993.0,716.5,0,11.447,0.528,15.8224,0,,,,0,0,0,0,0,0
57,1.9,2,2,0,locked,0,0,235.0,192.75,992.0,715.0,0,16.9229,0.5466,22.9192,0,,,,0,0,0,0,0,0
58,1.9333333333333333,2,2,0,locked,0,0,234.0,192.75,995.0,716.0,0,10.4508,0.3873,16.3446,0,,,,0,0,0,0,0,0
59,1.9666666666666666,2,2,0,locked,0,0,233.5,192.25,990.5,716.0,0,21.2863,0.4786,26.9834,0,,,,0,0,0,0,0,0
60,2.0,2,2,0,locked,0,0,234.0,193.0,988.5,716.0,0,14.3845,0.4184,21.6804,0,,,,0,0,0,0,0,0
61,2.033333333333333,2,2,0,locked,0,0,233.0,192.5,989.5,715.5,0,12.9594,0.3616,18.3794,0,,,,0,0,0,0,0,0
62,2.066666666666667,2,2,0,locked,0,0,232.5,191.75,989.0,716.0,0,11.9241,0.3652,17.4626,0,,,,0,0,0,0,0,0
63,2.1,2,2,0,locked,0,0,233.5,192.0,987.5,715.5,0,10.198,0.356,14.4801,0,,,,0,0,0,0,0,0
64,2.1333333333333333,2,2,0,locked,0,0,232.5,192.75,985.0,715.0,0,11.0368,0.3879,15.4907,0,,,,0,0,0,0,0,0
65,2.1666666666666665,2,2,0,locked,0,0,232.0,192.5,988.0,715.0,0,10.4683,0.3754,15.3559,0,,,,0,0,0,0,0,0
66,2.2,2,2,0,locked,0,0,230.5,192.5,983.0,715.0,0,11.1674,0.4756,15.6616,0,,,,0,0,0,0,0,0
67,2.2333333333333334,2,2,0,locked,0,0,229.5,193.0,985.0,715.5,0,10.495,0.3547,15.0537,0,,,,0,0,0,0,0,0
68,2.2666666666666666,2,2,0,locked,0,0,230.0,193.5,981.5,715.0,0,10.5039,0.3663,16.3001,0,,,,0,0,0,0,0,0
69,2.3,2,2,0,locked,0,0,230.0,193.25,984.0,715.0,0,10.4049,0.3293,14.8109,0,,,,0,0,0,0,0,0
70,2.3333333333333335,2,2,0,locked,0,0,231.5,193.0,980.0,715.0,0,9.3555,0.3507,13.6172,0,,,,0,0,0,0,0,0
71,2.3666666666666667,2,2,0,locked,0,0,230.5,193.25,983.5,715.5,0,15.0092,0.3347,19.334,0,,,,0,0,0,0,0,0
72,2.4,2,2,0,locked,0,0,232.0,193.25,982.5,715.0,0,8.8895,0.3176,13.0652,0,,,,0,0,0,0,0,0
73,2.433333333333333,2,2,0,locked,0,0,230.0,193.0,984.5,716.0,0,8.8169,0.3361,13.0154,0,,,,0,0,0,0,0,0
74,2.466666666666667,2,2,0,locked,0,0,230.0,193.5,982.0,715.5,0,9.0879,0.3335,13.2006,0,,,,0,0,0,0,0,0
75,2.5,2,2,0,locked,0,0,233.0,193.0,986.5,716.0,0,16.2003,0.5133,21.4481,0,,,,0,0,0,0,0,0
76,2.533333333333333,2,2,0,locked,0,0,233.5,193.0,987.5,716.0,0,18.132,0.378,23.1615,0,,,,0,0,0,0,0,0
77,2.566666666666667,2,2,0,locked,0,0,232.5,194.5,985.0,716.0,0,15.9425,0.5453,22.067,0,,,,0,0,0,0,0,0
78,2.6,2,2,0,locked,0,0,235.0,194.5,987.0,716.0,0,13.1607,0.5607,18.4435,0,,,,0,0,0,0,0,0
79,2.6333333333333333,2,2,0,locked,0,0,234.5,195.0,986.0,716.0,0,17.7318,1.4532,26.9243,0,,,,0,0,0,0,0,0
80,2.6666666666666665,2,2,0,locked,0,0,234.5,195.25,987.0,715.5,0,19.0199,1.2914,27.8179,0,,,,0,0,0,0,0,0
81,2.7,2,2,0,locked,0,0,235.0,195.25,987.5,716.0,0,14.4165,0.4471,21.9757,0,,,,0,0,0,0,0,0
82,2.7333333333333334,2,2,0,locked,0,0,236.5,195.0,989.0,716.0,0,11.3764,0.371,16.3797,0,,,,0,0,0,0,0,0
83,2.7666666666666666,2,2,0,locked,0,0,236.5,195.25,988.5,716.0,0,12.0081,0.3698,17.6724,0,,,,0,0,0,0,0,0
84,2.8,2,2,0,locked,0,0,236.5,195.25,989.0,716.0,0,10.2747,0.366,14.7784,0,,,,0,0,0,0,0,0
85,2.8333333333333335,2,2,0,locked,0,0,236.0,195.0,988.5,716.0,0,10.3802,0.3684,14.8305,0,,,,0,0,0,0,0,0
86,2.8666666666666667,2,2,0,locked,0,0,237.5,195.75,989.5,716.0,0,10.8374,0.3884,15.4705,0,,,,0,0,0,0,0,0
87,2.9,2,2,0,locked,0,0,238.0,195.5,993.0,717.0,0,11.4847,0.3516,15.8927,0,,,,0,0,0,0,0,0
88,2.933333333333333,2,2,0,locked,0,0,237.0,196.5,990.5,717.0,0,9.2465,0.3215,13.5014,0,,,,0,0,0,0,0,0
89,2.966666666666667,2,2,0,locked,0,0,241.0,197.0,992.0,717.0,0,8.9177,0.3324,13.146,0,,,,0,0,0,0,0,0
90,3.0,2,2,0,locked,0,0,241.5,198.0,993.0,716.0,0,10.2355,0.3359,14.3203,0,,,,0,0,0,0,0,0
91,3.033333333333333,2,2,0,locked,0,0,241.5,197.5,992.5,717.0,0,11.797,0.3318,15.9982,0,,,,0,0,0,0,0,0
92,3.066666666666667,2,2,0,locked,0,0,240.5,199.0,997.0,717.0,0,11.0509,0.3628,15.7637,0,,,,0,0,0,0,0,0
93,3.1,2,2,0,locked,0,0,242.0,199.5,1001.5,717.0,0,9.2331,0.3547,13.9202,0,,,,0,0,0,0,0,0
94,3.1333333333333333,2,2,0,locked,0,0,243.5,200.5,999.0,717.0,0,15.307,0.3561,19.7167,0,,,,0,0,0,0,0,0
95,3.1666666666666665,2,2,0,locked,0,0,244.0,200.5,1000.0,717.0,0,15.2013,0.3216,19.4004,0,,,,0,0,0,0,0,0
96,3.2,2,2,0,locked,0,0,245.5,202.0,1003.0,717.0,0,8.9198,0.3766,13.1157,0,,,,0,0,0,0,0,0
97,3.2333333333333334,3,2,1,locked,0,0,247.5,202.5,1003.0,716.5,0,11.3284,0.3809,15.5221,0,,,,0,0,0,0,0,0
98,3.2666666666666666,3,2,1,locked,0,0,248.5,202.5,1007.0,717.0,0,15.7818,0.3322,20.4284,0,,,,0,0,0,0,0,0
99,3.3,2,2,0,locked,0,0,252.5,204.5,1007.0,716.5,0,14.7742,0.3294,19.057,0,,,,0,0,0,0,0,0
100,3.3333333333333335,2,2,0,locked,0,0,253.0,204.75,1012.0,716.5,0,14.231,0.3507,18.3526,0,,,,0,0,0,0,0,0
101,3.3666666666666667,2,2,0,locked,0,0,252.5,205.0,1014.0,716.0,0,14.446,0.3718,18.5364,0,,,,0,0,0,0,0,0
102,3.4,2,2,0,locked,0,0,255.0,207.0,1014.5,716.0,0,12.5462,0.375,16.7343,0,,,,0,0,0,0,0,0
103,3.433333333333333,2,2,0,locked,0,0,254.0,207.0,1015.0,716.5,0,9.9699,0.3445,14.1586,0,,,,0,0,0,0,0,0
104,3.466666666666667,2,2,0,locked,0,0,250.0,203.5,1013.0,716.0,0,9.6064,0.3882,15.1611,0,,,,0,0,0,0,0,0
105,3.5,2,2,0,locked,0,0,258.0,206.75,1016.0,717.0,0,9.4728,0.3223,13.7984,0,,,,0,0,0,0,0,0
106,3.533333333333333,2,2,0,locked,0,0,256.0,205.5,1014.5,717.0,0,9.4546,0.3756,13.7089,0,,,,0,0,0,0,0,0
107,3.566666666666667,2,2,0,locked,0,0,255.0,205.0,1015.0,717.0,0,9.2817,0.3697,13.5389,0,,,,0,0,0,0,0,0
108,3.6,2,2,0,locked,0,0,254.5,203.5,1014.5,717.0,0,15.0801,0.383,19.2939,0,,,,0,0,0,0,0,0
109,3.6333333333333333,2,2,0,locked,0,0,250.0,201.5,1013.0,717.0,0,9.7434,0.3728,13.9595,0,,,,0,0,0,0,0,0
110,3.6666666666666665,2,2,0,locked,0,0,249.5,197.0,1011.0,717.5,0,9.8805,0.3525,13.9782,0,,,,0,0,0,0,0,0
111,3.7,2,2,0,locked,0,0,243.0,195.0,1004.0,717.0,0,9.3387,0.3265,13.4092,0,,,,0,0,0,0,0,0
112,3.7333333333333334,2,2,0,locked,0,0,241.0,193.5,1000.5,716.0,0,9.5888,0.3506,13.7613,0,,,,0,0,0,0,0,0
113,3.7666666666666666,2,2,0,locked,0,0,236.0,190.25,993.0,716.0,0,9.2835,0.3357,13.4015,0,,,,0,0,0,0,0,0
114,3.8,2,2,0,locked,0,0,225.5,190.0,984.0,715.5,0,11.6796,0.3279,15.7773,0,,,,0,0,0,0,0,0
115,3.8333333333333335,2,2,0,locked,0,0,223.0,189.0,978.0,716.0,0,14.4748,0.3268,18.5987,0,,,,0,0,0,0,0,0
116,3.8666666666666667,2,2,0,locked,0,0,221.5,191.0,968.0,716.0,0,13.4881,0.3319,17.6494,0,,,,0,0,0,0,0,0
117,3.9,2,2,0,locked,0,0,220.0,192.25,967.5,715.0,0,13.5023,0.3217,17.6725,0,,,,0,0,0,0,0,0
118,3.933333333333333,2,2,0,locked,0,0,213.0,192.5,964.5,715.5,0,11.7776,0.31,15.9095,0,,,,0,0,0,0,0,0
119,3.966666666666667,2,2,0,locked,0,0,208.5,191.5,971.0,715.0,0,9.9855,0.3608,14.1244,0,,,,0,0,0,0,0,0
120,4.0,2,2,0,locked,0,0,207.0,189.75,972.0,715.5,0,9.8251,0.3376,14.0537,0,,,,0,0,0,0,0,0
121,4.033333333333333,2,2,0,locked,0,0,201.5,187.5,975.0,716.0,0,12.9664,0.3279,17.1759,0,,,,0,0,0,0,0,0
122,4.066666666666666,3,2,1,locked,0,0,196.0,187.0,980.5,715.0,0,9.8857,0.3308,14.0589,0,,,,0,0,0,0,0,0
123,4.1,3,2,1,locked,0,0,195.5,186.0,990.0,715.0,0,10.5259,0.3143,14.6265,0,,,,0,0,0,0,0,0
124,4.133333333333334,3,2,1,locked,0,0,196.0,187.75,999.0,715.0,0,14.8608,0.3638,19.1932,0,,,,0,0,0,0,0,0
125,4.166666666666667,3,2,1,locked,0,0,158.5,190.5,1004.0,714.5,0,9.03,0.3816,13.194,0,,,,0,0,0,0,0,0
126,4.2,2,2,0,locked,0,0,151.0,191.25,1017.0,715.0,0,12.2772,0.3236,16.463,0,,,,0,0,0,0,0,0
127,4.233333333333333,2,2,0,locked,0,0,176.0,192.5,1130.0,716.0,0,10.6336,0.3419,14.8001,0,,,,0,0,0,0,0,0
128,4.266666666666667,3,2,1,locked,0,0,192.5,192.0,1192.0,715.5,0,10.8893,0.3688,15.1085,0,,,,0,0,0,0,0,0
129,4.3,2,2,0,locked,0,0,196.0,190.0,1240.0,716.0,0,10.4645,0.3513,14.6078,0,,,,0,0,0,0,0,0
130,4.333333333333333,1,1,0,locked,0,0,194.0,188.5,1156.0,716.0,0,12.2494,0.2621,16.2449,0,,,,0,0,0,0,0,0
131,4.366666666666666,2,1,1,locked,0,0,192.5,188.75,1093.0,716.0,0,11.2837,0.3486,15.3386,0,,,,0,0,0,0,0,0
132,4.4,2,1,1,locked,0,0,192.5,187.75,1257.0,716.5,0,13.6475,0.323,17.853,0,,,,0,0,0,0,0,0
133,4.433333333333334,2,1,1,locked,0,0,192.0,189.0,1184.0,717.0,0,10.0014,0.3407,14.1573,0,,,,0,0,0,0,0,0
134,4.466666666666667,2,1,1,locked,0,0,191.5,189.25,1254.0,717.0,0,11.044,0.3242,15.0772,0,,,,0,0,0,0,0,0
135,4.5,3,1,2,locked,0,0,193.0,190.0,1270.0,717.0,0,11.2729,0.3284,15.3481,0,,,,0,0,0,0,0,0
136,4.533333333333333,2,1,1,locked,0,0,188.5,191.0,1278.0,719.0,0,8.4768,0.3162,12.5641,0,,,,0,0,0,0,0,0
137,4.566666666666666,3,1,2,locked,0,0,190.5,193.0,1280.0,718.0,0,12.0364,0.3115,16.1838,0,,,,0,0,0,0,0,0
138,4.6,2,1,1,locked,0,0,189.0,192.0,1194.0,719.0,0,13.5857,0.3133,17.5695,0,,,,0,0,0,0,0,0
139,4.633333333333334,3,1,2,locked,0,0,186.5,193.25,1266.0,719.5,0,8.8238,0.3277,12.9563,0,,,,0,0,0,0,0,0
140,4.666666666666667,2,1,1,locked,0,0,186.5,192.5,1214.0,718.5,0,10.2665,0.3481,14.8315,0,,,,0,0,0,0,0,0
141,4.7,3,1,2,locked,0,0,185.0,191.0,1173.0,718.0,0,12.5626,0.3524,17.7793,0,,,,0,0,0,0,0,0
142,4.733333333333333,3,1,2,locked,0,0,179.0,189.5,1190.0,718.0,0,13.2633,0.3394,17.8378,0,,,,0,0,0,0,0,0
143,4.766666666666667,3,1,2,locked,0,0,180.5,188.5,1178.0,718.0,0,9.5676,0.3631,14.4619,0,,,,0,0,0,0,0,0
144,4.8,2,1,1,locked,0,0,187.5,188.0,1197.0,718.0,0,15.1527,0.3594,19.4642,0,,,,0,0,0,0,0,0
145,4.833333333333333,2,1,1,locked,0,0,189.0,185.5,1253.0,718.0,0,9.082,0.3095,13.3751,0,,,,0,0,0,0,0,0
146,4.866666666666666,1,1,0,locked,0,0,120.5,185.25,1258.0,717.5,0,15.1316,0.3159,19.2503,0,,,,0,0,0,0,0,0
147,4.9,2,1,1,locked,0,0,18.5,185.0,1200.0,716.0,0,11.4658,0.3331,15.8841,0,,,,0,0,0,0,0,0
148,4.933333333333334,2,1,1,locked,0,0,22.0,185.5,1041.0,714.5,0,14.5151,0.3402,18.8162,0,,,,0,0,0,0,0,0
149,4.966666666666667,2,1,1,locked,0,0,9.5,186.0,1041.0,714.0,0,11.9015,0.3222,15.9898,0,,,,0,0,0,0,0,0
150,5.0,3,1,2,locked,0,0,20.0,185.0,1071.0,715.0,0,11.9162,0.3232,16.0241,0,,,,0,0,0,0,0,0
151,5.033333333333333,2,1,1,locked,0,0,20.0,185.5,1050.0,715.0,0,15.0841,0.3107,19.3239,0,,,,0,0,0,0,0,0
152,5.066666666666666,2,1,1,locked,0,0,32.0,186.0,1050.0,714.0,0,11.3995,0.3193,15.4566,0,,,,0,0,0,0,0,0
153,5.1,2,1,1,locked,0,0,54.5,185.25,1050.0,714.5,0,10.4083,0.3296,14.438,0,,,,0,0,0,0,0,0
154,5.133333333333334,2,1,1,locked,0,0,26.5,185.5,1052.0,714.5,0,11.1188,0.3691,15.1692,0,,,,0,0,0,0,0,0
155,5.166666666666667,2,1,1,locked,0,0,24.0,184.0,1059.0,715.0,0,8.778,0.3367,13.2419,0,,,,0,0,0,0,0,0
156,5.2,2,1,1,locked,0,0,14.5,184.0,1070.0,716.0,0,13.6611,0.3472,17.7809,0,,,,0,0,0,0,0,0
157,5.233333333333333,2,1,1,locked,0,0,10.5,184.5,1077.0,716.0,0,12.4246,0.3058,16.4632,0,,,,0,0,0,0,0,0
158,5.266666666666667,2,1,1,locked,0,0,5.0,184.0,1102.0,716.0,0,9.1375,0.349,13.2392,0,,,,0,0,0,0,0,0
159,5.3,2,1,1,locked,0,0,7.0,183.5,1118.0,714.5,0,8.4826,0.2863,12.5454,0,,,,0,0,0,0,0,0
160,5.333333333333333,2,1,1,locked,0,0,0.0,183.0,1110.0,714.0,0,14.3919,0.2744,18.5071,0,,,,0,0,0,0,0,0
161,5.366666666666666,2,1,1,locked,0,0,10.0,181.5,1117.0,714.5,0,13.1047,0.2888,17.0869,0,,,,0,0,0,0,0,0
162,5.4,2,1,1,locked,0,0,24.0,179.25,1134.0,714.0,0,12.2815,0.2828,16.6758,0,,,,0,0,0,0,0,0
163,5.433333333333334,3,1,2,locked,0,0,21.0,177.0,1136.0,714.5,0,8.9311,0.2744,12.903,0,,,,0,0,0,0,0,0
164,5.466666666666667,2,1,1,locked,0,0,9.5,176.5,1164.0,714.0,0,13.2966,0.2896,17.397,0,,,,0,0,0,0,0,0
165,5.5,2,1,1,locked,0,0,19.0,176.0,1204.0,713.0,0,9.3653,0.2639,13.314,0,,,,0,0,0,0,0,0
166,5.533333333333333,2,1,1,locked,0,0,20.0,173.0,1239.0,713.0,0,12.0826,0.4598,16.3836,0,,,,0,0,0,0,0,0
167,5.566666666666666,2,1,1,locked,0,0,15.5,169.75,1240.0,713.5,0,11.6492,0.3975,15.8726,0,,,,0,0,0,0,0,0
168,5.6,3,1,2,locked,0,0,17.5,166.5,1248.0,713.5,0,16.0355,0.2904,20.0503,0,,,,0,0,0,0,0,0
169,5.633333333333334,3,1,2,locked,0,0,8.0,164.75,1256.0,713.5,0,8.5435,0.2814,12.5732,0,,,,0,0,0,0,0,0
170,5.666666666666667,1,1,0,locked,0,0,10.0,162.5,1262.0,714.0,0,15.0486,0.2877,18.9799,0,,,,0,0,0,0,0,0
171,5.7,2,1,1,locked,0,0,10.0,160.75,1270.0,714.5,0,11.1086,0.2691,15.0853,0,,,,0,0,0,0,0,0
172,5.733333333333333,1,1,0,locked,0,0,3.5,160.0,1270.0,714.5,0,16.1047,0.2713,20.0137,0,,,,0,0,0,0,0,0
173,5.766666666666667,1,1,0,locked,0,0,8.0,157.5,1271.0,715.0,0,11.271,0.2616,15.1275,0,,,,0,0,0,0,0,0
174,5.8,1,1,0,locked,0,0,3.0,156.0,1270.0,714.0,0,11.7207,0.2856,15.6704,0,,,,0,0,0,0,0,0
175,5.833333333333333,1,1,0,locked,0,0,0.0,155.5,1272.0,714.0,0,14.3983,0.2534,18.3375,0,,,,0,0,0,0,0,0
176,5.866666666666666,1,1,0,locked,0,0,5.0,154.5,1274.0,714.0,0,11.6431,0.2663,15.5476,0,,,,0,0,0,0,0,0
177,5.9,1,1,0,locked,0,0,1.0,154.5,1273.0,714.5,0,8.8698,0.2888,12.7293,0,,,,0,0,0,0,0,0
178,5.933333333333334,1,1,0,locked,0,0,0.5,154.5,1266.0,714.5,0,8.4815,0.2689,12.3967,0,,,,0,0,0,0,0,0
179,5.966666666666667,2,1,1,locked,0,0,1.0,155.0,1262.0,714.0,0,8.8529,0.28,12.748,0,,,,0,0,0,0,0,0
180,6.0,2,1,1,locked,0,0,8.0,155.75,1254.0,714.0,0,11.0817,0.2863,15.0896,0,,,,0,0,0,0,0,0
181,6.033333333333333,2,1,1,locked,0,0,48.5,157.5,1258.0,713.5,0,10.9916,0.269,15.0222,0,,,,0,0,0,0,0,0
182,6.066666666666666,1,1,0,locked,0,0,22.5,158.5,1252.0,713.5,0,11.6069,0.2755,15.6529,0,,,,0,0,0,0,0,0
183,6.1,1,1,0,locked,0,0,15.0,159.0,1250.0,713.0,0,12.1688,0.2893,16.5273,0,,,,0,0,0,0,0,0
184,6.133333333333334,1,1,0,locked,0,0,20.0,157.25,1254.0,714.0,0,11.6036,0.2891,15.7483,0,,,,0,0,0,0,0,0
185,6.166666666666667,1,1,0,locked,0,0,12.0,153.75,1248.0,714.5,0,11.653,0.269,15.8378,0,,,,0,0,0,0,0,0
186,6.2,1,1,0,locked,0,0,6.5,153.0,1253.0,713.5,0,10.1615,0.27,15.2298,0,,,,0,0,0,0,0,0
187,6.233333333333333,1,1,0,locked,0,0,12.0,153.0,1251.0,714.5,0,8.5198,0.2714,12.6813,0,,,,0,0,0,0,0,0
188,6.266666666666667,1,1,0,locked,0,0,11.5,154.0,1248.0,714.5,0,9.2915,0.2831,13.1579,0,,,,0,0,0,0,0,0
189,6.3,1,1,0,locked,0,0,7.5,154.5,1246.0,714.0,0,11.4739,0.2893,15.4035,0,,,,0,0,0,0,0,0
190,6.333333333333333,1,1,0,locked,0,0,13.0,154.0,1244.0,714.0,0,10.3468,0.2584,14.2591,0,,,,0,0,0,0,0,0
191,6.366666666666666,1,1,0,locked,0,0,2.5,153.5,1238.0,714.0,0,12.9377,0.2951,16.912,0,,,,0,0,0,0,0,0
192,6.4,1,1,0,locked,0,0,6.5,153.5,1242.0,714.0,0,12.2311,0.4382,16.6276,0,,,,0,0,0,0,0,0
193,6.433333333333334,1,1,0,locked,0,0,1.0,153.75,1231.0,714.0,0,10.2887,0.3248,15.2597,0,,,,0,0,0,0,0,0
194,6.466666666666667,1,1,0,locked,0,0,4.0,153.0,1239.0,714.0,0,10.1835,0.3029,14.6332,0,,,,0,0,0,0,0,0
195,6.5,1,1,0,locked,0,0,6.0,153.25,1242.0,713.5,0,10.4976,0.3115,15.2004,0,,,,0,0,0,0,0,0
196,6.533333333333333,1,1,0,locked,0,0,6.0,152.5,1245.0,714.0,0,9.6677,0.2899,14.092,0,,,,0,0,0,0,0,0
197,6.566666666666666,1,1,0,locked,0,0,16.5,152.5,1244.0,714.0,0,9.7922,0.3121,14.3244,0,,,,0,0,0,0,0,0
198,6.6,1,1,0,locked,0,0,14.0,152.5,1248.0,714.0,0,9.2381,0.3083,13.4399,0,,,,0,0,0,0,0,0
199,6.633333333333334,1,1,0,locked,0,0,9.5,153.0,1242.0,714.0,0,11.6904,0.4254,16.2282,0,,,,0,0,0,0,0,0
200,6.666666666666667,1,1,0,locked,0,0,19.0,153.25,1242.0,714.0,0,9.3591,0.3205,14.3149,0,,,,0,0,0,0,0,0
201,6.7,1,1,0,locked,0,0,13.0,152.0,1246.0,714.0,0,13.5463,0.3126,18.1495,0,,,,0,0,0,0,0,0
202,6.733333333333333,1,1,0,locked,0,0,14.0,152.25,1235.0,714.0,0,8.6745,0.2696,12.6899,0,,,,0,0,0,0,0,0
203,6.766666666666667,3,1,2,locked,0,0,0.0,152.0,1218.0,714.0,0,9.3004,0.2856,13.2949,0,,,,0,0,0,0,0,0
204,6.8,3,1,2,locked,0,0,1.0,152.0,1212.0,714.0,0,10.2911,0.3058,14.4447,0,,,,0,0,0,0,0,0
205,6.833333333333333,2,1,1,locked,0,0,0.0,152.5,1202.0,714.0,0,10.2564,0.3497,14.6084,0,,,,0,0,0,0,0,0
206,6.866666666666666,3,1,2,locked,0,0,1.0,152.5,1176.0,712.5,0,11.3286,0.3161,15.6131,0,,,,0,0,0,0,0,0
207,6.9,2,1,1,locked,0,0,0.0,153.0,1160.0,713.0,0,8.8867,0.2841,12.9226,0,,,,0,0,0,0,0,0
208,6.933333333333334,3,1,2,locked,0,0,197.5,154.0,1151.0,713.0,0,14.9219,0.2926,19.0283,0,,,,0,0,0,0,0,0
209,6.966666666666667,2,1,1,locked,0,0,89.5,153.5,1097.0,713.5,0,10.906,0.2931,14.8859,0,,,,0,0,0,0,0,0
210,7.0,2,1,1,locked,0,0,34.5,153.0,1112.0,714.0,0,11.3543,0.278,15.3623,0,,,,0,0,0,0,0,0
211,7.033333333333333,2,1,1,locked,0,0,98.5,154.0,1094.0,713.0,0,11.3372,0.2794,15.3452,0,,,,0,0,0,0,0,0
212,7.066666666666666,2,1,1,locked,0,0,120.0,154.0,1083.0,714.0,0,10.5963,0.2981,14.6193,0,,,,0,0,0,0,0,0
213,7.1,2,1,1,locked,0,0,145.5,154.0,1072.0,714.0,0,12.1938,0.2871,16.2824,0,,,,0,0,0,0,0,0
214,7.133333333333334,2,1,1,locked,0,0,158.0,155.75,1062.0,714.5,0,8.5513,0.268,12.476,0,,,,0,0,0,0,0,0
215,7.166666666666667,2,1,1,locked,0,0,165.5,157.0,1055.0,714.5,0,13.2245,0.2676,17.1398,0,,,,0,0,0,0,0,0
216,7.2,2,1,1,locked,0,0,170.5,157.5,1050.0,714.5,0,12.7881,0.3042,16.7917,0,,,,0,0,0,0,0,0
217,7.233333333333333,2,1,1,locked,0,0,180.0,157.0,1046.0,715.0,0,14.6735,0.2792,18.8549,0,,,,0,0,0,0,0,0
218,7.266666666666667,2,1,1,locked,0,0,180.0,157.5,1042.0,715.0,0,8.8665,0.2947,12.8516,0,,,,0,0,0,0,0,0
219,7.3,2,1,1,locked,0,0,178.0,156.5,1044.0,715.0,0,12.1283,0.2773,16.1379,0,,,,0,0,0,0,0,0
220,7.333333333333333,2,1,1,locked,0,0,174.0,156.5,1043.0,715.0,0,13.7401,0.3314,17.8833,0,,,,0,0,0,0,0,0
221,7.366666666666666,2,1,1,locked,0,0,172.0,155.5,1038.0,715.0,0,9.8565,0.2875,13.7949,0,,,,0,0,0,0,0,0
222,7.4,2,1,1,locked,0,0,178.0,156.0,1038.0,715.0,0,12.0677,0.3002,16.1756,0,,,,0,0,0,0,0,0
223,7.433333333333334,3,1,2,locked,0,0,182.5,156.0,1033.0,715.5,0,13.1329,0.2991,17.2916,0,,,,0,0,0,0,0,0
224,7.466666666666667,2,1,1,locked,0,0,189.5,157.5,1030.0,715.5,0,11.5738,0.2942,15.691,0,,,,0,0,0,0,0,0
225,7.5,2,1,1,locked,0,0,197.5,159.25,1028.0,716.0,0,8.8926,0.297,12.8866,0,,,,0,0,0,0,0,0
226,7.533333333333333,2,1,1,locked,0,0,201.5,160.5,1026.0,716.5,0,13.8826,0.2708,17.9109,0,,,,0,0,0,0,0,0
227,7.566666666666666,2,1,1,locked,0,0,206.0,159.5,1021.5,716.0,0,10.4612,0.2919,14.4289,0,,,,0,0,0,0,0,0
228,7.6,2,1,1,locked,0,0,210.5,159.5,1015.0,716.5,0,13.9204,0.2715,17.9608,0,,,,0,0,0,0,0,0
229,7.633333333333334,2,1,1,locked,0,0,212.0,156.75,1018.0,716.5,0,10.0168,0.2611,13.9222,0,,,,0,0,0,0,0,0
230,7.666666666666667,2,1,1,locked,0,0,210.0,154.0,1012.0,716.5,0,8.7365,0.3345,12.7592,0,,,,0,0,0,0,0,0
231,7.7,2,2,0,locked,0,0,208.5,151.0,1008.0,716.5,0,13.8032,0.3197,17.8336,0,,,,0,0,0,0,0,0
232,7.733333333333333,2,2,0,locked,0,0,208.5,147.5,1006.0,716.0,0,12.3873,0.3037,16.3519,0,,,,0,0,0,0,0,0
233,7.766666666666667,2,2,0,locked,0,0,208.5,144.5,1005.0,716.5,0,8.6554,0.2996,12.6382,0,,,,0,0,0,0,0,0
234,7.8,2,2,0,locked,0,0,205.5,143.0,1006.0,716.5,0,11.9426,0.3117,15.949,0,,,,0,0,0,0,0,0
235,7.833333333333333,2,2,0,locked,0,0,214.0,140.5,994.5,716.0,0,13.3539,0.2992,17.3849,0,,,,0,0,0,0,0,0
236,7.866666666666666,2,2,0,locked,0,0,213.5,138.0,994.5,717.0,0,12.481,0.3011,16.5026,0,,,,0,0,0,0,0,0
237,7.9,2,2,0,locked,0,0,216.0,137.0,987.5,717.0,0,11.4052,0.3056,15.4271,0,,,,0,0,0,0,0,0
238,7.933333333333334,2,2,0,locked,0,0,218.5,135.5,987.5,717.0,0,11.8004,0.3181,15.7958,0,,,,0,0,0,0,0,0
239,7.966666666666667,2,2,0,locked,0,0,223.5,132.0,985.0,717.0,0,11.4874,0.3124,15.4433,0,,,,0,0,0,0,0,0
240,8.0,2,2,0,locked,0,0,224.0,130.5,984.0,717.0,0,11.8325,0.3456,15.8025,0,,,,0,0,0,0,0,0
241,8.033333333333333,2,2,0,locked,0,0,222.5,128.5,980.5,717.5,0,12.5883,0.3072,16.628,0,,,,0,0,0,0,0,0
242,8.066666666666666,2,2,0,locked,0,0,225.0,126.5,977.0,716.5,0,11.9946,0.3671,16.0005,0,,,,0,0,0,0,0,0
243,8.1,2,2,0,locked,0,0,222.5,124.0,976.0,716.0,0,12.0105,0.3293,15.9864,0,,,,0,0,0,0,0,0
244,8.133333333333333,2,2,0,locked,0,0,220.0,121.25,975.5,716.5,0,12.3602,0.2863,16.2946,0,,,,0,0,0,0,0,0
245,8.166666666666666,2,2,0,locked,0,0,219.0,119.5,976.0,716.0,0,14.3599,0.3151,18.4368,0,,,,0,0,0,0,0,0
246,8.2,2,2,0,locked,0,0,217.5,116.0,975.5,716.0,0,11.0327,0.3529,15.0395,0,,,,0,0,0,0,0,0
247,8.233333333333333,2,2,0,locked,0,0,217.5,114.5,970.0,716.0,0,12.7755,0.3101,16.7494,0,,,,0,0,0,0,0,0
248,8.266666666666667,2,2,0,locked,0,0,217.0,112.5,972.0,715.5,0,10.7482,0.3137,14.7564,0,,,,0,0,0,0,0,0
249,8.3,2,2,0,locked,0,0,217.5,112.5,970.0,716.0,0,12.1541,0.3151,16.1363,0,,,,0,0,0,0,0,0
250,8.333333333333334,2,2,0,locked,0,0,218.0,114.0,972.5,716.0,0,12.3758,0.2903,16.3768,0,,,,0,0,0,0,0,0
251,8.366666666666667,2,2,0,locked,0,0,220.0,115.75,977.0,716.0,0,12.6588,0.3269,16.6818,0,,,,0,0,0,0,0,0
252,8.4,2,2,0,locked,0,0,223.5,117.75,972.0,715.5,0,10.5137,0.314,14.501,0,,,,0,0,0,0,0,0
253,8.433333333333334,2,2,0,locked,0,0,231.5,121.5,971.0,715.5,0,13.9032,0.2912,17.9862,0,,,,0,0,0,0,0,0
254,8.466666666666667,2,2,0,locked,0,0,237.5,127.0,972.0,715.0,0,14.5027,0.3206,18.7063,0,,,,0,0,0,0,0,0
255,8.5,2,2,0,locked,0,0,247.5,130.5,968.0,715.0,0,13.9939,0.3202,18.1124,0,,,,0,0,0,0,0,0
256,8.533333333333333,2,2,0,locked,0,0,254.5,135.0,968.5,715.0,0,11.3963,0.2952,15.4046,0,,,,0,0,0,0,0,0
257,8.566666666666666,2,2,0,locked,0,0,262.75,139.5,966.0,715.0,0,8.9538,0.3243,12.9687,0,,,,0,0,0,0,0,0
258,8.6,2,2,0,locked,0,0,265.75,142.5,964.0,714.5,0,9.7865,0.3091,13.864,0,,,,0,0,0,0,0,0
259,8.633333333333333,2,2,0,locked,0,0,266.25,145.5,966.0,714.0,0,10.3483,0.286,14.495,0,,,,0,0,0,0,0,0
260,8.666666666666666,2,2,0,locked,0,0,267.5,149.75,968.0,714.5,0,8.9171,0.3231,12.9358,0,,,,0,0,0,0,0,0
261,8.7,2,2,0,locked,0,0,267.0,153.5,968.0,715.0,0,12.9358,0.3048,16.9991,0,,,,0,0,0,0,0,0
262,8.733333333333333,2,2,0,locked,0,0,264.5,155.5,967.0,715.0,0,11.4099,0.3036,15.3858,0,,,,0,0,0,0,0,0
263,8.766666666666667,2,2,0,locked,0,0,267.75,158.0,966.0,715.5,0,13.2527,0.3075,17.3008,0,,,,0,0,0,0,0,0
264,8.8,2,2,0,locked,0,0,266.75,159.0,964.5,715.5,0,13.4325,0.303,17.4907,0,,,,0,0,0,0,0,0
265,8.833333333333334,2,2,0,locked,0,0,267.75,161.5,968.0,715.5,0,11.2399,0.3021,15.304,0,,,,0,0,0,0,0,0
266,8.866666666666667,2,2,0,locked,0,0,268.0,163.0,965.0,715.5,0,11.9715,0.321,16.0096,0,,,,0,0,0,0,0,0
267,8.9,2,2,0,locked,0,0,265.75,168.5,963.0,715.5,0,15.2322,0.3164,19.2608,0,,,,0,0,0,0,0,0
268,8.933333333333334,2,2,0,locked,0,0,264.0,173.0,965.0,715.5,0,10.9965,0.3252,15.175,0,,,,0,0,0,0,0,0
269,8.966666666666667,2,2,0,locked,0,0,261.0,178.5,961.0,716.0,0,12.0254,0.3409,16.2494,0,,,,0,0,0,0,0,0
270,9.0,2,2,0,locked,0,0,256.5,186.0,962.0,716.0,0,14.9611,0.3092,19.0853,0,,,,0,0,0,0,0,0
271,9.033333333333333,2,2,0,locked,0,0,251.75,193.0,959.0,717.0,0,9.0585,0.3273,13.2857,0,,,,0,0,0,0,0,0
272,9.066666666666666,2,2,0,locked,0,0,246.0,202.5,958.0,717.5,0,13.0784,0.5029,17.4393,0,,,,0,0,0,0,0,0
273,9.1,2,2,0,locked,0,0,239.25,211.75,957.0,718.0,0,17.0682,0.4995,21.8205,0,,,,0,0,0,0,0,0
274,9.133333333333333,2,2,0,locked,0,0,234.5,221.0,950.0,717.0,0,10.3698,0.3245,15.8689,0,,,,0,0,0,0,0,0
275,9.166666666666666,2,2,0,locked,0,0,227.0,228.0,954.0,717.0,0,10.1116,0.37,14.8508,0,,,,0,0,0,0,0,0
276,9.2,2,2,0,locked,0,0,218.5,236.0,952.0,718.5,0,9.7451,0.3581,14.3042,0,,,,0,0,0,0,0,0
277,9.233333333333333,2,2,0,locked,0,0,212.5,244.0,960.5,718.5,0,8.8389,0.3062,12.981,0,,,,0,0,0,0,0,0
278,9.266666666666667,2,2,0,locked,0,0,207.0,253.25,956.0,720.0,0,14.9885,0.312,19.1734,0,,,,0,0,0,0,0,0
279,9.3,2,2,0,locked,0,0,203.0,258.0,956.0,720.0,0,14.6926,0.3334,18.8854,0,,,,0,0,0,0,0,0
280,9.333333333333334,2,2,0,locked,0,0,198.5,261.5,953.0,718.5,0,11.7006,0.3206,15.9227,0,,,,0,0,0,0,0,0
281,9.366666666666667,3,2,1,locked,0,0,195.5,267.0,948.5,720.0,0,11.719,0.3388,15.8396,0,,,,0,0,0,0,0,0
282,9.4,3,2,1,locked,0,0,194.0,261.5,952.5,720.0,0,11.0637,0.3094,15.1729,0,,,,0,0,0,0,0,0
283,9.433333333333334,3,2,1,locked,0,0,192.75,254.0,952.0,719.0,0,14.8863,0.3147,19.0345,0,,,,0,0,0,0,0,0
284,9.466666666666667,2,2,0,locked,0,0,187.75,243.0,954.5,719.0,0,10.4045,0.3085,14.5254,0,,,,0,0,0,0,0,0
285,9.5,2,2,0,locked,0,0,186.75,231.0,963.0,719.0,0,12.1543,0.3048,16.1899,0,,,,0,0,0,0,0,0
286,9.533333333333333,3,2,1,locked,0,0,184.75,214.0,973.5,717.0,0,12.0272,0.3043,16.0653,0,,,,0,0,0,0,0,0
287,9.566666666666666,4,2,2,locked,0,0,184.5,196.5,988.5,717.0,0,12.9005,0.3228,16.993,0,,,,0,0,0,0,0,0
288,9.6,3,2,1,locked,0,0,183.75,178.25,996.0,716.0,0,8.7658,0.3699,12.8546,0,,,,0,0,0,0,0,0
289,9.633333333333333,3,2,1,locked,0,0,180.0,171.0,997.0,716.0,0,8.7526,0.3454,12.9805,0,,,,0,0,0,0,0,0
290,9.666666666666666,3,2,1,locked,0,0,179.5,161.0,1003.5,716.0,0,8.5106,0.3319,12.6203,0,,,,0,0,0,0,0,0
291,9.7,3,2,1,locked,0,0,179.0,156.5,996.5,717.5,0,13.9482,0.3183,18.1484,0,,,,0,0,0,0,0,0
292,9.733333333333333,3,2,1,locked,0,0,180.0,153.5,997.0,718.0,0,13.8455,0.3328,18.0072,0,,,,0,0,0,0,0,0
293,9.766666666666667,3,2,1,locked,0,0,179.75,158.75,991.5,717.0,0,14.7574,0.3726,18.9352,0,,,,0,0,0,0,0,0
294,9.8,3,2,1,locked,0,0,180.5,163.5,989.0,717.0,0,12.1169,0.3554,16.2357,0,,,,0,0,0,0,0,0
295,9.833333333333334,3,2,1,locked,0,0,181.25,164.5,979.5,717.0,0,11.9022,0.3338,15.9995,0,,,,0,0,0,0,0,0
296,9.866666666666667,4,2,2,locked,0,0,181.75,164.5,979.5,716.0,0,11.8362,0.3557,15.9632,0,,,,0,0,0,0,0,0
297,9.9,2,2,0,locked,0,0,180.5,162.0,978.5,716.0,0,11.1326,0.301,15.2842,0,,,,0,0,0,0,0,0
298,9.933333333333334,2,2,0,locked,0,0,180.0,162.5,979.0,717.0,0,8.4127,0.3074,12.4282,0,,,,0,0,0,0,0,0
299,9.966666666666667,2,2,0,locked,0,0,180.5,162.0,977.5,717.0,0,11.194,0.4715,15.4242,0,,,,0,0,0,0,0,0
300,10.0,3,2,1,locked,0,0,178.25,159.75,977.0,717.5,0,12.6535,0.2966,16.9109,0,,,,0,0,0,0,0,0
301,10.033333333333333,2,2,0,locked,0,0,176.0,159.0,977.5,717.0,0,14.0053,0.3208,18.1578,0,,,,0,0,0,0,0,0
302,10.066666666666666,2,2,0,locked,0,0,171.5,159.5,976.0,717.0,0,13.3046,0.309,17.4074,0,,,,0,0,0,0,0,0
303,10.1,2,2,0,locked,0,0,164.5,161.5,965.0,717.0,0,11.4367,0.3374,15.6463,0,,,,0,0,0,0,0,0
304,10.133333333333333,2,2,0,locked,0,0,163.0,163.5,961.0,716.0,0,11.258,0.3122,15.3055,0,,,,0,0,0,0,0,0
305,10.166666666666666,2,2,0,locked,0,0,158.5,168.0,963.0,717.0,0,12.5402,0.3341,16.6042,0,,,,0,0,0,0,0,0
306,10.2,2,2,0,locked,0,0,156.5,165.25,960.0,716.5,0,11.2121,0.3181,15.235,0,,,,0,0,0,0,0,0
307,10.233333333333333,2,2,0,locked,0,0,150.5,167.5,954.0,716.5,0,13.2739,0.3011,17.3414,0,,,,0,0,0,0,0,0
308,10.266666666666667,2,2,0,locked,0,0,148.5,174.0,949.0,716.0,0,8.566,0.3025,12.6593,0,,,,0,0,0,0,0,0
309,10.3,2,2,0,locked,0,0,145.5,174.25,945.0,717.5,0,11.144,0.3098,15.2506,0,,,,0,0,0,0,0,0
310,10.333333333333334,3,2,1,locked,0,0,142.5,178.0,933.0,717.0,0,12.4993,0.3063,16.5651,0,,,,0,0,0,0,0,0
311,10.366666666666667,3,2,1,locked,0,0,136.0,181.5,930.0,717.0,0,8.3849,0.3151,12.4646,0,,,,0,0,0,0,0,0
312,10.4,3,2,1,locked,0,0,131.75,183.0,926.5,717.0,0,11.7168,0.3025,15.9312,0,,,,0,0,0,0,0,0
313,10.433333333333334,3,2,1,locked,0,0,127.75,189.5,919.0,715.5,0,13.8439,0.2927,18.1903,0,,,,0,0,0,0,0,0
314,10.466666666666667,3,2,1,locked,0,0,119.75,189.0,905.0,716.5,0,14.4776,0.3051,18.5368,0,,,,0,0,0,0,0,0
315,10.5,3,2,1,locked,0,0,115.0,188.75,900.0,716.0,0,12.2211,0.3217,16.2661,0,,,,0,0,0,0,0,0
316,10.533333333333333,4,2,2,locked,0,0,107.5,188.0,894.5,716.5,0,14.6624,0.3123,18.8592,0,,,,0,0,0,0,0,0
317,10.566666666666666,4,2,2,locked,0,0,101.0,187.0,886.5,715.5,0,10.0954,0.3604,14.2851,0,,,,0,0,0,0,0,0
318,10.6,4,3,1,locked,0,0,95.5,185.0,878.5,717.0,0,8.7474,0.4054,12.9146,0,,,,0,0,0,0,0,0
319,10.633333333333333,3,3,0,locked,0,0,86.0,180.5,877.5,716.0,0,13.5057,0.4185,17.6409,0,,,,0,0,0,0,0,0
320,10.666666666666666,3,3,0,locked,0,0,79.0,174.5,870.5,716.5,0,13.1088,0.391,17.2851,0,,,,0,0,0,0,0,0
321,10.7,4,3,1,locked,0,0,73.5,171.0,862.0,716.5,0,11.3474,0.3847,15.5489,0,,,,0,0,0,0,0,0
322,10.733333333333333,2,2,0,locked,0,0,69.5,165.5,858.0,716.0,0,11.4543,0.3186,15.5147,0,,,,0,0,0,0,0,0
323,10.766666666666667,2,2,0,locked,0,0,69.0,160.75,856.0,716.0,0,11.6515,0.3308,15.6933,0,,,,0,0,0,0,0,0
324,10.8,2,2,0,locked,0,0,67.5,156.5,850.0,716.0,0,12.1032,0.3405,16.2212,0,,,,0,0,0,0,0,0
325,10.833333333333334,3,2,1,locked,0,0,65.5,151.5,846.5,716.0,0,11.7906,0.3383,15.8639,0,,,,0,0,0,0,0,0
326,10.866666666666667,2,2,0,locked,0,0,64.25,148.5,841.5,716.0,0,11.7409,0.3384,15.832,0,,,,0,0,0,0,0,0
327,10.9,3,2,1,locked,0,0,66.5,149.25,840.0,716.0,0,12.2875,0.3628,16.4573,0,,,,0,0,0,0,0,0
328,10.933333333333334,3,2,1,locked,0,0,69.0,144.5,839.5,716.0,0,12.6365,0.3871,16.8123,0,,,,0,0,0,0,0,0
329,10.966666666666667,3,2,1,locked,0,0,72.0,142.0,844.0,715.0,0,13.2444,0.3713,17.4343,0,,,,0,0,0,0,0,0
330,11.0,2,2,0,locked,0,0,79.0,141.5,846.0,715.5,0,10.9587,0.3276,15.3971,0,,,,0,0,0,0,0,0
331,11.033333333333333,4,3,1,locked,0,0,83.5,140.0,846.0,715.0,0,10.4296,0.3641,15.1896,0,,,,0,0,0,0,0,0
332,11.066666666666666,4,3,1,locked,0,0,90.5,139.0,848.5,715.5,0,10.8,0.4024,14.9907,0,,,,0,0,0,0,0,0
333,11.1,4,3,1,locked,0,0,98.5,135.75,851.0,714.5,0,9.0659,0.401,13.302,0,,,,0,0,0,0,0,0
334,11.133333333333333,2,2,0,locked,0,0,106.0,133.5,858.0,714.0,0,12.0098,0.3046,16.2283,0,,,,0,0,0,0,0,0
335,11.166666666666666,3,3,0,locked,0,0,117.25,131.5,865.0,714.0,0,13.0843,0.3967,17.2257,0,,,,0,0,0,0,0,0
336,11.2,3,3,0,locked,0,0,125.5,131.25,872.0,714.0,0,14.7134,0.3811,18.9333,0,,,,0,0,0,0,0,0
337,11.233333333333333,3,3,0,locked,0,0,133.5,128.0,879.0,713.5,0,9.9375,0.3849,14.0844,0,,,,0,0,0,0,0,0
338,11.266666666666667,3,3,0,locked,0,0,148.0,130.0,887.5,713.0,0,16.4804,0.3944,20.8544,0,,,,0,0,0,0,0,0
339,11.3,2,2,0,locked,0,0,158.5,129.0,898.5,713.0,0,14.3286,0.329,18.5636,0,,,,0,0,0,0,0,0
340,11.333333333333334,2,2,0,locked,0,0,170.75,127.0,901.0,712.0,0,14.9873,0.3017,19.0451,0,,,,0,0,0,0,0,0
341,11.366666666666667,2,2,0,locked,0,0,185.0,126.75,914.0,712.5,0,14.1341,0.3396,18.1888,0,,,,0,0,0,0,0,0
342,11.4,2,2,0,locked,0,0,198.5,127.0,927.5,713.0,0,14.3196,0.3373,18.4518,0,,,,0,0,0,0,0,0
343,11.433333333333334,2,2,0,locked,0,0,210.75,126.5,936.5,712.0,0,10.6484,0.3082,14.7133,0,,,,0,0,0,0,0,0
344,11.466666666666667,2,2,0,locked,0,0,225.0,126.5,949.0,711.0,0,12.3172,0.3466,16.4176,0,,,,0,0,0,0,0,0
345,11.5,2,2,0,locked,0,0,242.0,127.0,954.5,712.0,0,13.5907,0.3573,17.7052,0,,,,0,0,0,0,0,0
346,11.533333333333333,2,2,0,locked,0,0,256.0,128.25,962.5,712.0,0,8.7845,0.3067,12.8347,0,,,,0,0,0,0,0,0
347,11.566666666666666,2,2,0,locked,0,0,265.75,129.0,972.0,712.0,0,8.8972,0.3268,12.915,0,,,,0,0,0,0,0,0
348,11.6,2,2,0,locked,0,0,280.0,129.5,985.5,712.0,0,12.0261,0.3273,16.1753,0,,,,0,0,0,0,0,0
349,11.633333333333333,3,2,1,locked,0,0,291.0,130.0,1010.0,713.0,0,13.2014,0.3379,17.3326,0,,,,0,0,0,0,0,0
350,11.666666666666666,2,2,0,locked,0,0,299.5,131.5,1020.0,711.5,0,10.6787,0.3159,14.7014,0,,,,0,0,0,0,0,0
351,11.7,2,2,0,locked,0,0,309.5,131.75,1027.0,712.0,0,15.0731,0.3206,19.1608,0,,,,0,0,0,0,0,0
352,11.733333333333333,2,2,0,locked,0,0,318.5,132.0,1036.0,712.5,0,9.6975,0.3043,13.8093,0,,,,0,0,0,0,0,0
353,11.766666666666667,2,2,0,locked,0,0,321.5,132.5,1046.0,713.0,0,14.5558,0.3269,18.63,0,,,,0,0,0,0,0,0
354,11.8,2,2,0,locked,0,0,323.5,134.5,1053.0,713.0,0,10.2217,0.3329,14.3159,0,,,,0,0,0,0,0,0
355,11.833333333333334,2,2,0,locked,0,0,321.5,135.0,1054.0,713.5,0,10.8015,0.3036,14.8045,0,,,,0,0,0,0,0,0
356,11.866666666666667,2,2,0,locked,0,0,326.25,135.0,1053.0,714.0,0,17.5108,0.327,21.6593,0,,,,0,0,0,0,0,0
357,11.9,2,2,0,locked,0,0,335.0,134.0,1056.0,714.0,0,12.3545,0.3265,16.7249,0,,,,0,0,0,0,0,0
358,11.933333333333334,2,2,0,locked,0,0,340.5,134.5,1053.0,714.0,0,16.4466,0.3515,20.8189,0,,,,0,0,0,0,0,0
359,11.966666666666667,2,2,0,locked,0,0,343.75,135.0,1049.0,714.0,0,13.7505,0.379,18.0053,0,,,,0,0,0,0,0,0
360,12.0,2,2,0,locked,0,0,344.75,134.75,1048.0,715.5,0,12.3415,0.3374,16.412,0,,,,0,0,0,0,0,0
361,12.033333333333333,2,2,0,locked,0,0,337.75,134.25,1043.0,715.0,0,11.7268,0.3063,15.7235,0,,,,0,0,0,0,0,0
362,12.066666666666666,2,2,0,locked,0,0,331.0,133.0,1038.0,715.0,0,12.4558,0.3269,16.4855,0,,,,0,0,0,0,0,0
363,12.1,2,2,0,locked,0,0,314.5,132.0,1040.0,715.0,0,13.1288,0.3355,17.1933,0,,,,0,0,0,0,0,0
364,12.133333333333333,2,2,0,locked,0,0,301.0,130.5,1030.0,715.5,0,13.3185,0.3028,17.4679,0,,,,0,0,0,0,0,0
365,12.166666666666666,2,2,0,locked,0,0,283.0,128.0,1026.0,715.0,0,10.567,0.3217,14.6811,0,,,,0,0,0,0,0,0
366,12.2,2,2,0,locked,0,0,270.0,124.0,1029.0,716.0,0,12.5801,0.3246,16.6847,0,,,,0,0,0,0,0,0
367,12.233333333333333,2,2,0,locked,0,0,256.0,119.75,1025.0,716.0,0,10.7232,0.2958,14.7948,0,,,,0,0,0,0,0,0
368,12.266666666666667,2,2,0,locked,0,0,238.0,119.0,1023.0,715.0,0,11.1063,0.3552,15.1295,0,,,,0,0,0,0,0,0
369,12.3,2,2,0,locked,0,0,218.0,118.5,1021.5,715.0,0,11.7619,0.3205,15.7654,0,,,,0,0,0,0,0,0
370,12.333333333333334,2,2,0,locked,0,0,199.0,117.5,1020.5,714.5,0,9.9614,0.3277,13.9558,0,,,,0,0,0,0,0,0
371,12.366666666666667,2,2,0,locked,0,0,168.0,116.75,1020.0,714.5,0,10.3808,0.3723,14.6411,0,,,,0,0,0,0,0,0
372,12.4,2,2,0,locked,0,0,138.0,115.75,1018.0,714.0,0,14.4704,0.3202,18.6228,0,,,,0,0,0,0,0,0
373,12.433333333333334,2,2,0,locked,0,0,114.0,116.0,1018.0,713.0,0,9.6649,0.3467,13.7006,0,,,,0,0,0,0,0,0
374,12.466666666666667,2,2,0,locked,0,0,101.0,114.5,1016.0,714.0,0,12.1863,0.3337,16.4273,0,,,,0,0,0,0,0,0
375,12.5,2,2,0,locked,0,0,78.0,114.5,1012.5,713.0,0,11.8679,0.3718,15.9515,0,,,,0,0,0,0,0,0
376,12.533333333333333,2,2,0,locked,0,0,65.0,111.5,1013.0,713.0,0,15.0687,0.3343,19.1928,0,,,,0,0,0,0,0,0
377,12.566666666666666,2,2,0,locked,0,0,59.0,108.5,1018.0,712.5,0,12.3687,0.3427,16.4396,0,,,,0,0,0,0,0,0
378,12.6,2,2,0,locked,0,0,57.0,108.25,1020.0,712.5,0,9.6231,0.3377,13.691,0,,,,0,0,0,0,0,0
379,12.633333333333333,2,2,0,locked,0,0,45.0,106.5,1016.0,712.5,0,9.0727,0.3373,13.1962,0,,,,0,0,0,0,0,0
380,12.666666666666666,2,2,0,locked,0,0,35.5,106.0,1018.0,713.0,0,12.4018,0.3049,16.364,0,,,,0,0,0,0,0,0
381,12.7,2,2,0,locked,0,0,30.0,103.0,1018.0,713.5,0,11.6756,0.3375,15.7218,0,,,,0,0,0,0,0,0
382,12.733333333333333,3,2,1,locked,0,0,40.0,101.0,1017.5,714.0,0,11.6733,0.3544,15.7971,0,,,,0,0,0,0,0,0
383,12.766666666666667,3,2,1,locked,0,0,48.5,99.5,1019.0,713.5,0,12.2391,0.3622,16.33,0,,,,0,0,0,0,0,0
384,12.8,3,2,1,locked,0,0,54.0,98.5,1016.5,714.0,0,11.7416,0.3591,15.795,0,,,,0,0,0,0,0,0
385,12.833333333333334,3,2,1,locked,0,0,61.0,100.0,1021.5,714.0,0,11.8175,0.3342,15.8386,0,,,,0,0,0,0,0,0
386,12.866666666666667,3,2,1,locked,0,0,68.5,99.25,1022.0,714.0,0,11.7818,0.3644,15.7955,0,,,,0,0,0,0,0,0
387,12.9,2,2,0,locked,0,0,73.5,99.5,1022.5,714.0,0,11.7644,0.3342,15.7573,0,,,,0,0,0,0,0,0
388,12.933333333333334,2,2,0,locked,0,0,73.5,100.0,1022.5,714.0,0,14.1993,0.4159,18.5485,0,,,,0,0,0,0,0,0
389,12.966666666666667,2,2,0,locked,0,0,79.0,99.5,1022.0,714.0,0,11.6488,0.4222,16.5036,0,,,,0,0,0,0,0,0
390,13.0,4,2,2,locked,0,0,80.0,99.5,1023.5,713.0,0,14.5182,0.5839,19.2492,0,,,,0,0,0,0,0,0
391,13.033333333333333,2,2,0,locked,0,0,79.5,99.5,1024.0,713.0,0,12.038,0.3933,17.3868,0,,,,0,0,0,0,0,0
392,13.066666666666666,2,2,0,locked,0,0,85.0,99.0,1024.0,713.0,0,17.5882,0.3996,22.3643,0,,,,0,0,0,0,0,0
393,13.1,2,2,0,locked,0,0,85.5,98.75,1025.0,713.5,0,12.1517,0.3879,16.4701,0,,,,0,0,0,0,0,0
394,13.133333333333333,2,2,0,locked,0,0,83.5,98.5,1026.0,713.0,0,10.4101,0.3715,14.805,0,,,,0,0,0,0,0,0
395,13.166666666666666,2,2,0,locked,0,0,84.5,99.0,1025.0,714.0,0,9.4882,0.3887,13.7225,0,,,,0,0,0,0,0,0
396,13.2,2,2,0,locked,0,0,82.0,99.0,1022.0,712.5,0,11.3709,0.424,15.7465,0,,,,0,0,0,0,0,0
397,13.233333333333333,2,2,0,locked,0,0,78.5,100.0,1023.0,713.0,0,9.1459,0.3636,13.542,0,,,,0,0,0,0,0,0
398,13.266666666666667,2,2,0,locked,0,0,71.5,100.5,1022.0,713.0,0,9.2385,0.3456,16.0281,0,,,,0,0,0,0,0,0
399,13.3,2,2,0,locked,0,0,75.5,101.0,1023.0,712.0,0,15.1591,0.3708,19.3049,0,,,,0,0,0,0,0,0
400,13.333333333333334,2,2,0,locked,0,0,71.0,102.25,1023.5,712.0,0,14.8731,0.3249,18.986,0,,,,0,0,0,0,0,0
401,13.366666666666667,2,2,0,locked,0,0,67.5,102.25,1023.5,713.0,0,9.1909,0.3509,13.1639,0,,,,0,0,0,0,0,0
402,13.4,2,2,0,locked,0,0,63.0,104.0,1021.5,712.5,0,13.5388,0.3628,17.5901,0,,,,0,0,0,0,0,0
403,13.433333333333334,2,2,0,locked,0,0,62.5,104.75,1022.5,712.5,0,9.8247,0.353,13.8713,0,,,,0,0,0,0,0,0
404,13.466666666666667,2,2,0,locked,0,0,57.0,105.75,1021.5,712.5,0,13.6902,0.3533,17.7717,0,,,,0,0,0,0,0,0
405,13.5,2,2,0,locked,0,0,54.5,107.75,1021.0,712.5,0,9.0309,0.3315,13.085,0,,,,0,0,0,0,0,0
406,13.533333333333333,2,2,0,locked,0,0,52.0,109.0,1020.0,712.0,0,11.7421,0.3253,15.743,0,,,,0,0,0,0,0,0
407,13.566666666666666,2,2,0,locked,0,0,49.0,109.5,1020.0,713.0,0,16.3597,0.4587,20.5353,0,,,,0,0,0,0,0,0
408,13.6,2,2,0,locked,0,0,53.0,107.0,1020.0,713.0,0,9.755,0.3609,14.9923,0,,,,0,0,0,0,0,0
409,13.633333333333333,2,2,0,locked,0,0,50.0,109.0,1020.0,713.0,0,10.8574,0.3784,14.9156,0,,,,0,0,0,0,0,0
410,13.666666666666666,2,2,0,locked,0,0,50.0,110.75,1019.5,713.0,0,15.3051,0.3792,19.4741,0,,,,0,0,0,0,0,0
411,13.7,2,2,0,locked,0,0,44.5,109.5,1018.5,713.0,0,15.2756,0.3674,19.4504,0,,,,0,0,0,0,0,0
412,13.733333333333333,2,2,0,locked,0,0,52.0,108.75,1019.0,712.5,0,15.2231,0.3371,19.4996,0,,,,0,0,0,0,0,0
413,13.766666666666667,2,2,0,locked,0,0,46.5,107.0,1017.5,712.0,0,14.2557,0.3629,18.4075,0,,,,0,0,0,0,0,0
414,13.8,2,2,0,locked,0,0,43.5,108.75,1017.0,713.0,0,10.612,0.3681,14.7451,0,,,,0,0,0,0,0,0
415,13.833333333333334,2,2,0,locked,0,0,39.5,110.25,1020.0,713.0,0,14.1359,0.3345,18.3015,0,,,,0,0,0,0,0,0
416,13.866666666666667,2,2,0,locked,0,0,26.0,111.25,1019.5,713.0,0,11.9014,0.3426,15.8847,0,,,,0,0,0,0,0,0
417,13.9,2,2,0,locked,0,0,7.0,109.5,1018.0,713.0,0,13.767,0.3625,17.8468,0,,,,0,0,0,0,0,0
418,13.933333333333334,2,2,0,locked,0,0,0.0,106.5,1020.0,712.5,0,10.5141,0.3342,14.5562,0,,,,0,0,0,0,0,0
419,13.966666666666667,2,2,0,locked,0,0,0.0,104.0,1019.0,713.0,0,13.3045,0.3634,17.3365,0,,,,0,0,0,0,0,0
420,14.0,2,2,0,locked,0,0,7.5,109.5,1019.5,713.0,0,10.4088,0.3522,14.3818,0,,,,0,0,0,0,0,0
421,14.033333333333333,2,2,0,locked,0,0,6.5,107.0,1018.0,714.0,0,11.4307,0.3526,15.3935,0,,,,0,0,0,0,0,0
422,14.066666666666666,2,2,0,locked,0,0,5.5,106.0,1019.5,713.0,0,9.027,0.3617,12.9983,0,,,,0,0,0,0,0,0
423,14.1,2,2,0,locked,0,0,1.5,107.0,1019.0,713.0,0,11.589,0.3475,15.5975,0,,,,0,0,0,0,0,0
424,14.133333333333333,2,2,0,locked,0,0,0.0,105.0,1017.0,714.0,0,12.8432,0.3349,16.8226,0,,,,0,0,0,0,0,0
425,14.166666666666666,2,2,0,locked,0,0,0.5,103.75,1016.5,714.0,0,9.0094,0.3311,13.0074,0,,,,0,0,0,0,0,0
426,14.2,2,2,0,locked,0,0,4.5,106.75,1016.5,713.5,0,11.8296,0.3387,15.8927,0,,,,0,0,0,0,0,0
427,14.233333333333333,2,2,0,locked,0,0,6.5,106.5,1015.5,712.5,0,14.1786,0.344,18.1229,0,,,,0,0,0,0,0,0
428,14.266666666666667,2,2,0,locked,0,0,0.0,107.5,1014.5,713.0,0,8.9598,0.363,12.9778,0,,,,0,0,0,0,0,0
429,14.3,2,2,0,locked,0,0,0.0,110.25,1016.0,713.5,0,12.8969,0.3531,16.8665,0,,,,0,0,0,0,0,0
430,14.333333333333334,2,2,0,locked,0,0,0.0,112.0,1016.5,713.0,0,11.5383,0.3322,15.5752,0,,,,0,0,0,0,0,0
431,14.366666666666667,2,2,0,locked,0,0,0.0,109.25,1016.0,713.0,0,15.185,0.3475,19.211,0,,,,0,0,0,0,0,0
432,14.4,2,2,0,locked,0,0,2.0,105.0,1016.0,713.5,0,12.1768,0.3665,16.2115,0,,,,0,0,0,0,0,0
433,14.433333333333334,2,2,0,locked,0,0,1.5,104.5,1017.0,713.5,0,13.7887,0.2947,17.7208,0,,,,0,0,0,0,0,0
434,14.466666666666667,2,2,0,locked,0,0,2.5,103.75,1019.0,713.0,0,10.9876,0.3354,15.0228,0,,,,0,0,0,0,0,0
435,14.5,2,2,0,locked,0,0,0.5,103.5,1019.0,714.0,0,11.3792,0.3449,15.2977,0,,,,0,0,0,0,0,0
436,14.533333333333333,2,2,0,locked,0,0,2.5,106.25,1018.0,713.0,0,10.3287,0.3308,14.3138,0,,,,0,0,0,0,0,0
437,14.566666666666666,2,2,0,locked,0,0,4.5,104.0,1019.0,712.5,0,12.9862,0.3531,16.9949,0,,,,0,0,0,0,0,0
438,14.6,2,2,0,locked,0,0,6.5,103.0,1020.0,713.0,0,11.7035,0.3464,15.7745,0,,,,0,0,0,0,0,0
439,14.633333333333333,3,2,1,locked,0,0,3.0,103.5,1022.0,713.5,0,15.6376,0.2971,19.7445,0,,,,0,0,0,0,0,0
440,14.666666666666666,3,2,1,locked,0,0,8.5,101.5,1024.0,713.0,0,9.6042,0.3828,13.7165,0,,,,0,0,0,0,0,0
441,14.7,2,2,0,locked,0,0,4.5,102.0,1023.0,712.0,0,14.7733,0.3367,18.8673,0,,,,0,0,0,0,0,0
442,14.733333333333333,2,2,0,locked,0,0,10.0,103.75,1026.0,712.0,0,9.1845,0.3158,13.2113,0,,,,0,0,0,0,0,0
443,14.766666666666667,2,2,0,locked,0,0,1.5,102.75,1028.0,711.5,0,8.8272,0.364,12.7919,0,,,,0,0,0,0,0,0
444,14.8,2,2,0,locked,0,0,0.0,103.25,1029.0,713.0,0,11.7915,0.3547,15.7656,0,,,,0,0,0,0,0,0
445,14.833333333333334,2,2,0,locked,0,0,0.5,105.0,1029.0,712.5,0,20.2386,0.361,24.4367,0,,,,0,0,0,0,0,0
446,14.866666666666667,2,2,0,locked,0,0,7.5,104.25,1031.0,713.0,0,16.4546,0.3873,20.7428,0,,,,0,0,0,0,0,0
447,14.9,2,2,0,locked,0,0,0.0,104.5,1034.0,713.5,0,15.418,0.3545,19.5734,0,,,,0,0,0,0,0,0
448,14.933333333333334,3,2,1,locked,0,0,0.0,102.5,1036.0,714.0,0,15.7137,0.3817,19.9335,0,,,,0,0,0,0,0,0
449,14.966666666666667,3,2,1,locked,0,0,0.0,101.0,1037.0,713.5,0,15.424,0.3852,19.6216,0,,,,0,0,0,0,0,0
450,15.0,2,2,0,locked,0,0,8.5,101.0,1036.0,714.5,0,14.8201,0.4065,18.995,0,,,,0,0,0,0,0,0
451,15.033333333333333,2,2,0,locked,0,0,103.5,103.0,1030.0,714.0,0,11.8744,0.3444,15.9642,0,,,,0,0,0,0,0,0
452,15.066666666666666,2,2,0,locked,0,0,151.0,103.0,1030.0,714.0,0,11.6492,0.3235,15.6587,0,,,,0,0,0,0,0,0
453,15.1,2,2,0,locked,0,0,184.0,104.25,1027.0,714.0,0,11.5336,0.3222,15.5612,0,,,,0,0,0,0,0,0
454,15.133333333333333,2,2,0,locked,0,0,231.5,104.25,1027.0,713.0,0,8.7378,0.3448,12.706,0,,,,0,0,0,0,0,0
455,15.166666666666666,2,2,0,locked,0,0,244.5,104.5,1026.0,713.0,0,9.5716,0.3067,13.6387,0,,,,0,0,0,0,0,0
456,15.2,2,2,0,locked,0,0,259.0,105.0,1023.0,713.0,0,11.6525,0.3165,15.6288,0,,,,0,0,0,0,0,0
457,15.233333333333333,2,2,0,locked,0,0,271.0,104.75,1017.5,713.5,0,9.3042,0.2841,13.2444,0,,,,0,0,0,0,0,0
458,15.266666666666667,2,2,0,locked,0,0,277.5,105.5,1019.0,713.0,0,10.0673,0.3049,14.0346,0,,,,0,0,0,0,0,0
459,15.3,2,2,0,locked,0,0,284.0,107.0,1018.0,713.0,0,8.8969,0.3622,12.9322,0,,,,0,0,0,0,0,0
460,15.333333333333334,2,2,0,locked,0,0,287.5,109.5,1016.0,713.5,0,12.5064,0.3054,16.4551,0,,,,0,0,0,0,0,0
461,15.366666666666667,2,2,0,locked,0,0,288.5,110.0,1014.5,713.0,0,10.6845,0.3347,14.6909,0,,,,0,0,0,0,0,0
462,15.4,2,2,0,locked,0,0,288.0,111.5,1012.0,712.5,0,12.2308,0.3031,16.1797,0,,,,0,0,0,0,0,0
463,15.433333333333334,2,2,0,locked,0,0,287.0,111.25,1015.5,713.0,0,9.2533,0.2921,13.3023,0,,,,0,0,0,0,0,0
464,15.466666666666667,2,2,0,locked,0,0,283.5,111.25,1014.0,713.0,0,11.5897,0.3288,15.6933,0,,,,0,0,0,0,0,0
465,15.5,2,2,0,locked,0,0,281.0,109.75,1010.0,714.0,0,15.6749,0.3362,19.8206,0,,,,0,0,0,0,0,0
466,15.533333333333333,2,2,0,locked,0,0,281.0,110.5,1009.5,713.5,0,13.471,0.2947,17.7036,0,,,,0,0,0,0,0,0
467,15.566666666666666,2,2,0,locked,0,0,278.5,111.25,1013.5,714.0,0,10.9713,0.2985,14.9225,0,,,,0,0,0,0,0,0
468,15.6,2,2,0,locked,0,0,278.5,110.5,1013.0,714.0,0,12.8768,0.3077,16.8386,0,,,,0,0,0,0,0,0
469,15.633333333333333,2,2,0,locked,0,0,278.0,112.5,1019.0,713.0,0,10.5791,0.3041,14.5435,0,,,,0,0,0,0,0,0
470,15.666666666666666,2,2,0,locked,0,0,277.5,111.5,1018.0,713.0,0,15.8809,0.3697,20.0486,0,,,,0,0,0,0,0,0
471,15.7,2,2,0,locked,0,0,275.5,112.75,1022.0,714.0,0,9.7532,0.3206,13.9418,0,,,,0,0,0,0,0,0
472,15.733333333333333,2,2,0,locked,0,0,273.5,114.25,1026.0,714.0,0,14.8464,0.2979,18.9252,0,,,,0,0,0,0,0,0
473,15.766666666666667,2,2,0,locked,0,0,273.0,114.0,1027.0,714.0,0,9.3189,0.3519,13.4596,0,,,,0,0,0,0,0,0
474,15.8,2,2,0,locked,0,0,272.5,114.5,1031.0,714.0,0,9.1523,0.3756,13.191,0,,,,0,0,0,0,0,0
475,15.833333333333334,3,2,1,locked,0,0,274.0,115.25,1032.0,714.0,0,11.3864,0.3344,15.4394,0,,,,0,0,0,0,0,0
476,15.866666666666667,3,2,1,locked,0,0,276.5,116.0,1030.0,714.0,0,13.1399,0.3489,17.2126,0,,,,0,0,0,0,0,0
477,15.9,2,2,0,locked,0,0,279.5,118.0,1034.0,714.5,0,13.3643,0.3601,17.4841,0,,,,0,0,0,0,0,0
478,15.933333333333334,2,2,0,locked,0,0,281.0,119.75,1037.0,715.0,0,10.5648,0.3334,14.5016,0,,,,0,0,0,0,0,0
479,15.966666666666667,3,2,1,locked,0,0,282.5,120.5,1038.0,714.5,0,8.9594,0.3655,12.9758,0,,,,0,0,0,0,0,0
480,16.0,2,2,0,locked,0,0,285.5,122.5,1044.0,714.0,0,8.8675,0.3551,12.9067,0,,,,0,0,0,0,0,0
481,16.033333333333335,3,2,1,locked,0,0,290.0,123.5,1044.0,714.0,0,13.233,0.3514,17.2087,0,,,,0,0,0,0,0,0
482,16.066666666666666,3,2,1,locked,0,0,293.5,123.5,1046.0,714.0,0,8.8039,0.4869,12.947,0,,,,0,0,0,0,0,0
483,16.1,2,2,0,locked,0,0,294.5,125.25,1052.0,713.0,0,15.3823,0.3548,19.3518,0,,,,0,0,0,0,0,0
484,16.133333333333333,3,2,1,locked,0,0,301.5,125.25,1056.0,714.0,0,13.3674,0.3595,17.3926,0,,,,0,0,0,0,0,0
485,16.166666666666668,2,2,0,locked,0,0,304.5,126.25,1057.0,713.0,0,13.9754,0.3433,17.9773,0,,,,0,0,0,0,0,0
486,16.2,3,2,1,locked,0,0,312.5,127.25,1058.0,714.0,0,13.3746,0.3482,17.379,0,,,,0,0,0,0,0,0
487,16.233333333333334,3,2,1,locked,0,0,320.0,128.5,1059.0,713.0,0,17.2231,0.3653,21.3611,0,,,,0,0,0,0,0,0
488,16.266666666666666,2,2,0,locked,0,0,326.0,129.0,1073.0,714.0,0,15.8659,0.3414,19.9685,0,,,,0,0,0,0,0,0
489,16.3,2,2,0,locked,0,0,334.5,130.5,1078.0,714.0,0,14.9171,0.3534,18.9176,0,,,,0,0,0,0,0,0
490,16.333333333333332,2,2,0,locked,0,0,338.0,129.0,1088.0,713.5,0,10.216,0.3524,14.293,0,,,,0,0,0,0,0,0
491,16.366666666666667,3,2,1,locked,0,0,341.5,129.0,1089.0,713.0,0,12.0819,0.3441,16.1039,0,,,,0,0,0,0,0,0
492,16.4,2,2,0,locked,0,0,343.5,130.0,1098.0,713.0,0,11.3745,0.3557,15.3615,0,,,,0,0,0,0,0,0
493,16.433333333333334,2,2,0,locked,0,0,347.0,130.75,1099.0,713.5,0,13.8061,0.3628,17.8139,0,,,,0,0,0,0,0,0
494,16.466666666666665,2,2,0,locked,0,0,348.0,130.75,1102.0,713.0,0,12.0502,0.3503,16.1446,0,,,,0,0,0,0,0,0
495,16.5,3,2,1,locked,0,0,349.0,130.75,1101.0,713.0,0,9.8407,0.3506,13.8483,0,,,,0,0,0,0,0,0
496,16.533333333333335,2,2,0,locked,0,0,350.0,128.0,1109.0,713.5,0,12.4694,0.3226,16.427,0,,,,0,0,0,0,0,0
497,16.566666666666666,3,2,1,locked,0,0,351.0,127.0,1109.0,713.5,0,10.392,0.3472,14.3524,0,,,,0,0,0,0,0,0
498,16.6,2,2,0,locked,0,0,353.0,125.25,1108.0,713.0,0,14.2186,0.3626,18.2652,0,,,,0,0,0,0,0,0
499,16.633333333333333,3,2,1,locked,0,0,355.0,122.5,1115.0,713.0,0,13.0444,0.3444,17.0822,0,,,,0,0,0,0,0,0
500,16.666666666666668,3,2,1,locked,0,0,358.0,120.5,1115.0,714.0,0,15.5163,0.3354,19.5903,0,,,,0,0,0,0,0,0
501,16.7,4,2,2,locked,0,0,357.0,119.5,1115.0,713.5,0,10.1138,0.3724,14.1668,0,,,,0,0,0,0,0,0
502,16.733333333333334,3,2,1,locked,0,0,358.5,117.0,1116.0,714.0,0,10.2851,0.3386,14.2952,0,,,,0,0,0,0,0,0
503,16.766666666666666,3,2,1,locked,0,0,359.0,117.0,1113.0,714.0,0,10.2004,0.3499,14.159,0,,,,0,0,0,0,0,0
504,16.8,4,2,2,locked,0,0,360.0,116.5,1115.0,713.0,0,11.8147,0.3769,15.8036,0,,,,0,0,0,0,0,0
505,16.833333333333332,4,2,2,locked,0,0,361.5,118.25,1106.0,713.5,0,10.0397,0.3822,14.1083,0,,,,0,0,0,0,0,0
506,16.866666666666667,3,2,1,locked,0,0,359.5,117.5,1092.0,713.5,0,12.2438,0.3597,16.3301,0,,,,0,0,0,0,0,0
507,16.9,3,2,1,locked,0,0,359.75,117.0,1091.0,714.0,0,15.7029,0.3655,19.7402,0,,,,0,0,0,0,0,0
508,16.933333333333334,4,2,2,locked,0,0,358.0,115.25,1085.0,714.0,0,15.3951,0.3636,19.4552,0,,,,0,0,0,0,0,0
509,16.966666666666665,3,2,1,locked,0,0,355.0,115.0,1074.0,713.0,0,14.3488,0.4028,18.8519,0,,,,0,0,0,0,0,0
510,17.0,4,2,2,locked,0,0,352.5,115.5,1070.0,712.0,0,14.5486,0.3575,18.6441,0,,,,0,0,0,0,0,0
511,17.033333333333335,4,2,2,locked,0,0,350.0,114.5,1071.0,712.0,0,18.7828,0.6828,23.4492,0,,,,0,0,0,0,0,0
512,17.066666666666666,3,2,1,locked,0,0,345.5,116.0,1058.0,712.0,0,14.435,0.8802,22.0642,0,,,,0,0,0,0,0,0
513,17.1,2,2,0,locked,0,0,339.0,114.5,1053.0,712.0,0,20.7268,0.3876,25.5771,0,,,,0,0,0,0,0,0
514,17.133333333333333,3,2,1,locked,0,0,333.0,115.5,1050.0,712.5,0,11.0894,0.4321,14.9877,0,,,,0,0,0,0,0,0
515,17.166666666666668,2,2,0,locked,0,0,328.0,114.25,1044.0,712.0,0,10.5444,0.4234,14.7551,0,,,,0,0,0,0,0,0
516,17.2,2,2,0,locked,0,0,322.5,115.5,1040.0,712.5,0,10.2931,0.3877,14.145,0,,,,0,0,0,0,0,0
517,17.233333333333334,3,2,1,locked,0,0,314.5,116.75,1024.0,712.5,0,9.8776,0.4166,13.92,0,,,,0,0,0,0,0,0
518,17.266666666666666,2,2,0,locked,0,0,305.0,115.5,1020.0,713.0,0,10.2412,0.3841,14.1731,0,,,,0,0,0,0,0,0
519,17.3,2,2,0,locked,0,0,297.0,115.0,1010.0,712.5,0,15.8932,0.3549,19.9507,0,,,,0,0,0,0,0,0
520,17.333333333333332,2,2,0,locked,0,0,289.5,117.5,996.0,712.5,0,11.5309,0.3202,15.454,0,,,,0,0,0,0,0,0
521,17.366666666666667,2,2,0,locked,0,0,283.0,119.25,988.0,713.0,0,15.6276,0.3203,19.5184,0,,,,0,0,0,0,0,0
522,17.4,2,2,0,locked,0,0,275.0,121.5,981.5,714.0,0,15.727,0.3178,20.0088,0,,,,0,0,0,0,0,0
523,17.433333333333334,2,2,0,locked,0,0,267.5,122.0,962.5,714.5,0,14.8022,0.3177,18.8512,0,,,,0,0,0,0,0,0
524,17.466666666666665,2,2,0,locked,0,0,259.75,125.5,948.5,714.5,0,13.4372,0.3307,17.4233,0,,,,0,0,0,0,0,0
525,17.5,2,2,0,locked,0,0,250.5,128.0,938.0,714.0,0,10.6783,0.3694,14.775,0,,,,0,0,0,0,0,0
526,17.533333333333335,2,2,0,locked,0,0,240.0,129.0,933.0,714.0,0,12.7155,0.3264,16.4883,0,,,,0,0,0,0,0,0
527,17.566666666666666,2,2,0,locked,0,0,229.5,131.25,915.0,715.0,0,9.9395,0.3306,13.8734,0,,,,0,0,0,0,0,0
528,17.6,2,2,0,locked,0,0,220.5,134.0,906.5,715.5,0,9.9681,0.3163,13.6457,0,,,,0,0,0,0,0,0
529,17.633333333333333,2,2,0,locked,0,0,209.5,136.5,898.5,715.0,0,16.3443,0.3105,20.3356,0,,,,0,0,0,0,0,0
530,17.666666666666668,2,2,0,locked,0,0,198.5,140.0,883.0,714.5,0,15.5431,0.3125,19.7772,0,,,,0,0,0,0,0,0
531,17.7,2,2,0,locked,0,0,190.75,141.0,873.0,715.0,0,10.1885,0.3389,14.05,0,,,,0,0,0,0,0,0
532,17.733333333333334,4,2,2,locked,0,0,177.75,141.0,870.0,715.5,0,10.3086,0.311,14.3129,0,,,,0,0,0,0,0,0
533,17.766666666666666,2,2,0,locked,0,0,166.5,144.25,864.5,716.0,0,11.9034,0.3017,15.8171,0,,,,0,0,0,0,0,0
534,17.8,5,2,3,locked,0,0,155.5,144.0,856.0,715.5,0,9.8233,0.3696,13.805,0,,,,0,0,0,0,0,0
535,17.833333333333332,6,2,4,locked,0,0,148.0,145.5,851.5,715.0,0,9.8269,0.3541,13.9431,0,,,,0,0,0,0,0,0
536,17.866666666666667,5,2,3,locked,0,0,142.0,145.5,848.0,715.0,0,14.1079,0.3519,18.1171,0,,,,0,0,0,0,0,0
537,17.9,3,2,1,locked,0,0,137.0,146.0,844.5,715.0,0,13.3223,0.3051,17.1801,0,,,,0,0,0,0,0,0
538,17.933333333333334,4,2,2,locked,0,0,133.5,146.0,843.0,715.0,0,13.82,0.3629,17.8473,0,,,,0,0,0,0,0,0
539,17.966666666666665,5,2,3,locked,0,0,131.5,144.25,838.5,715.0,0,10.2106,0.3572,14.3918,0,,,,0,0,0,0,0,0
540,18.0,4,2,2,locked,0,0,130.5,145.0,839.0,715.0,0,12.017,0.3539,16.0871,0,,,,0,0,0,0,0,0
541,18.033333333333335,4,2,2,locked,0,0,130.5,144.0,840.0,715.0,0,13.6532,0.3429,17.7204,0,,,,0,0,0,0,0,0
542,18.066666666666666,6,2,4,locked,0,0,134.0,144.5,841.0,715.0,0,10.7956,0.3556,14.9173,0,,,,0,0,0,0,0,0
543,18.1,5,2,3,locked,0,0,138.0,144.75,845.0,715.0,0,11.7498,0.377,15.8008,0,,,,0,0,0,0,0,0
544,18.133333333333333,4,2,2,locked,0,0,142.5,145.5,847.5,715.0,0,15.0013,0.3382,19.2264,0,,,,0,0,0,0,0,0
545,18.166666666666668,4,2,2,locked,0,0,148.5,146.0,850.0,714.5,0,9.7509,0.3765,13.7088,0,,,,0,0,0,0,0,0
546,18.2,4,2,2,locked,0,0,157.25,144.0,856.0,714.0,0,14.6944,0.3491,18.5345,0,,,,0,0,0,0,0,0
547,18.233333333333334,5,2,3,locked,0,0,164.5,140.5,863.0,714.5,0,10.9708,0.364,14.9168,0,,,,0,0,0,0,0,0
548,18.266666666666666,3,2,1,locked,0,0,175.5,139.0,880.0,715.0,0,9.2906,0.3069,13.2164,0,,,,0,0,0,0,0,0
549,18.3,3,2,1,locked,0,0,187.0,137.0,897.0,715.0,0,9.8391,0.3308,13.7728,0,,,,0,0,0,0,0,0
550,18.333333333333332,3,2,1,locked,0,0,196.75,137.25,911.0,715.0,0,12.1316,0.3665,16.0972,0,,,,0,0,0,0,0,0
551,18.366666666666667,3,2,1,locked,0,0,204.25,133.5,923.5,714.5,0,21.1389,0.5502,25.4438,0,,,,0,0,0,0,0,0
552,18.4,2,2,0,locked,0,0,215.75,130.5,924.0,714.0,0,17.7083,0.5208,23.9097,0,,,,0,0,0,0,0,0
553,18.433333333333334,2,2,0,locked,0,0,224.5,130.5,955.5,714.0,0,19.0712,0.3849,25.8991,0,,,,0,0,0,0,0,0
554,18.466666666666665,2,2,0,locked,0,0,233.0,128.75,956.5,713.5,0,15.6543,0.3141,19.5787,0,,,,0,0,0,0,0,0
555,18.5,2,2,0,locked,0,0,240.5,126.0,975.0,714.5,0,15.9083,0.3426,19.7943,0,,,,0,0,0,0,0,0
556,18.533333333333335,2,2,0,locked,0,0,245.5,123.5,985.0,713.5,0,15.8379,0.3672,19.8307,0,,,,0,0,0,0,0,0
557,18.566666666666666,2,2,0,locked,0,0,251.0,120.5,999.0,714.5,0,12.5898,0.3164,16.9726,0,,,,0,0,0,0,0,0
558,18.6,2,2,0,locked,0,0,253.5,118.25,1012.0,714.0,0,15.8,0.3979,20.2142,0,,,,0,0,0,0,0,0
559,18.633333333333333,2,2,0,locked,0,0,256.0,116.5,1018.0,713.5,0,9.0497,0.2992,13.2878,0,,,,0,0,0,0,0,0
560,18.666666666666668,2,2,0,locked,0,0,260.0,114.5,1017.0,713.0,0,13.2961,0.318,17.2773,0,,,,0,0,0,0,0,0
561,18.7,2,2,0,locked,0,0,266.0,113.5,1017.0,714.0,0,13.567,0.3048,17.4477,0,,,,0,0,0,0,0,0
562,18.733333333333334,2,2,0,locked,0,0,276.0,112.0,1011.0,714.0,0,12.2769,0.2973,16.1704,0,,,,0,0,0,0,0,0
563,18.766666666666666,2,2,0,locked,0,0,281.5,112.0,1010.0,714.0,0,11.7415,0.3038,15.7278,0,,,,0,0,0,0,0,0
564,18.8,2,2,0,locked,0,0,289.0,112.25,1007.0,715.0,0,13.548,0.3276,17.5943,0,,,,0,0,0,0,0,0
565,18.833333333333332,2,2,0,locked,0,0,297.25,111.0,1009.5,715.0,0,13.8098,0.3328,17.7861,0,,,,0,0,0,0,0,0
566,18.866666666666667,2,2,0,locked,0,0,302.5,111.5,1007.0,714.5,0,13.047,0.359,17.0807,0,,,,0,0,0,0,0,0
567,18.9,2,2,0,locked,0,0,306.5,112.0,1010.0,715.0,0,10.3685,0.3322,14.2975,0,,,,0,0,0,0,0,0
568,18.933333333333334,2,2,0,locked,0,0,307.5,111.5,1015.5,716.0,0,14.9006,0.3449,18.8637,0,,,,0,0,0,0,0,0
569,18.966666666666665,2,2,0,locked,0,0,309.25,113.25,1017.5,716.0,0,9.6362,0.3484,13.5593,0,,,,0,0,0,0,0,0
570,19.0,2,2,0,locked,0,0,311.0,113.25,1019.5,717.0,0,9.0227,0.3444,12.8999,0,,,,0,0,0,0,0,0
571,19.033333333333335,2,2,0,locked,0,0,314.0,113.0,1017.0,720.0,0,14.1969,0.3779,18.2339,0,,,,0,0,0,0,0,0
572,19.066666666666666,2,2,0,locked,0,0,318.5,115.25,1013.0,715.0,0,11.7776,0.3517,15.726,0,,,,0,0,0,0,0,0
573,19.1,2,2,0,locked,0,0,323.5,114.5,1007.0,714.0,0,11.3034,0.3541,15.286,0,,,,0,0,0,0,0,0
574,19.133333333333333,1,1,0,locked,0,0,334.0,115.5,1002.0,714.5,0,13.6031,0.2885,17.463,0,,,,0,0,0,0,0,0
575,19.166666666666668,2,2,0,locked,0,0,336.5,117.5,1003.0,715.0,0,14.6576,0.3418,18.8733,0,,,,0,0,0,0,0,0
576,19.2,2,2,0,locked,0,0,338.0,116.5,1003.0,716.0,0,16.798,0.6544,21.295,0,,,,0,0,0,0,0,0
577,19.233333333333334,2,2,0,locked,0,0,339.0,117.5,1002.5,714.5,0,10.6371,0.7051,15.7229,0,,,,0,0,0,0,0,0
578,19.266666666666666,2,2,0,locked,0,0,339.0,117.0,1002.0,714.0,0,14.8468,0.4705,20.6002,0,,,,0,0,0,0,0,0
579,19.3,2,2,0,locked,0,0,337.0,115.75,1005.0,713.0,0,15.7926,0.6352,20.9545,0,,,,0,0,0,0,0,0
580,19.333333333333332,2,2,0,locked,0,0,334.5,116.0,1007.5,713.0,0,10.4853,0.4223,14.6704,0,,,,0,0,0,0,0,0
581,19.366666666666667,2,2,0,locked,0,0,333.0,114.75,1007.5,715.0,0,16.8943,0.3942,21.0607,0,,,,0,0,0,0,0,0
582,19.4,2,2,0,locked,0,0,331.5,116.0,1009.0,720.0,0,17.1927,0.4045,21.4174,0,,,,0,0,0,0,0,0
583,19.433333333333334,2,2,0,locked,0,0,331.75,115.25,1008.5,714.0,0,13.5048,0.3914,17.5601,0,,,,0,0,0,0,0,0
584,19.466666666666665,2,2,0,locked,0,0,333.0,115.0,1002.0,714.0,0,9.721,0.4126,13.9357,0,,,,0,0,0,0,0,0
585,19.5,2,2,0,locked,0,0,335.25,115.0,1000.0,714.0,0,13.6203,0.3742,17.5336,0,,,,0,0,0,0,0,0
586,19.533333333333335,3,2,1,locked,0,0,333.5,115.75,999.0,716.0,0,15.3497,0.3295,19.2191,0,,,,0,0,0,0,0,0
587,19.566666666666666,3,2,1,locked,0,0,331.0,119.0,997.5,716.0,0,9.347,0.3583,13.0739,0,,,,0,0,0,0,0,0
588,19.6,2,2,0,locked,0,0,326.75,119.5,999.0,716.0,0,9.3317,0.4977,13.3117,0,,,,0,0,0,0,0,0
589,19.633333333333333,2,2,0,locked,0,0,318.5,119.75,999.0,713.5,0,13.9102,0.3863,18.2389,0,,,,0,0,0,0,0,0
590,19.666666666666668,2,2,0,locked,0,0,308.0,120.0,1003.0,714.0,0,11.628,0.3369,15.4387,0,,,,0,0,0,0,0,0
591,19.7,2,2,0,locked,0,0,291.0,119.0,1010.0,714.0,0,13.4823,0.3537,17.2253,0,,,,0,0,0,0,0,0
592,19.733333333333334,2,2,0,locked,0,0,273.0,120.25,1013.0,714.0,0,10.0878,0.2941,14.1427,0,,,,0,0,0,0,0,0
593,19.766666666666666,2,2,0,locked,0,0,246.0,119.75,1026.0,713.0,0,13.1728,0.3116,17.1431,0,,,,0,0,0,0,0,0
594,19.8,2,2,0,locked,0,0,185.5,121.25,1045.0,715.0,0,11.1164,0.3258,15.0643,0,,,,0,0,0,0,0,0
595,19.833333333333332,2,2,0,locked,0,0,155.5,122.5,1078.0,714.5,0,11.9853,0.3029,15.8615,0,,,,0,0,0,0,0,0
596,19.866666666666667,2,2,0,locked,0,0,101.5,123.5,1090.0,715.0,0,10.4634,0.2979,14.3742,0,,,,0,0,0,0,0,0
597,19.9,2,2,0,locked,0,0,13.5,124.0,1138.0,716.5,0,13.3016,0.3225,17.2498,0,,,,0,0,0,0,0,0
598,19.933333333333334,2,2,0,locked,0,0,3.5,123.5,1188.0,715.0,0,10.707,0.3603,14.6802,0,,,,0,0,0,0,0,0
599,19.966666666666665,2,2,0,locked,0,0,12.0,124.0,1238.0,716.0,0,12.3309,0.3313,16.246,0,,,,0,0,0,0,0,0
600,20.0,2,2,0,locked,0,0,3.5,123.25,1254.0,715.0,0,12.161,0.3463,16.1081,0,,,,0,0,0,0,0,0
601,20.033333333333335,2,2,0,locked,0,0,10.0,120.75,1214.0,715.0,0,10.6342,0.3013,14.5568,0,,,,0,0,0,0,0,0
602,20.066666666666666,2,2,0,locked,0,0,12.0,120.25,1178.0,714.5,0,11.0706,0.3539,15.0692,0,,,,0,0,0,0,0,0
603,20.1,2,2,0,locked,0,0,11.5,121.75,1175.0,716.0,0,13.3859,0.3483,17.3839,0,,,,0,0,0,0,0,0
604,20.133333333333333,2,2,0,locked,0,0,13.0,122.5,1179.0,716.0,0,13.8888,0.3516,17.9414,0,,,,0,0,0,0,0,0
605,20.166666666666668,3,2,1,locked,0,0,23.0,126.25,1176.0,716.5,0,11.514,0.3463,15.7051,0,,,,0,0,0,0,0,0
606,20.2,2,2,0,locked,0,0,21.5,128.5,1177.0,715.5,0,13.2522,0.3667,17.5287,0,,,,0,0,0,0,0,0
607,20.233333333333334,2,2,0,locked,0,0,18.0,131.5,1178.0,717.0,0,10.7184,0.3197,14.8852,0,,,,0,0,0,0,0,0
608,20.266666666666666,2,2,0,locked,0,0,9.5,132.0,1182.0,717.0,0,11.2282,0.3116,15.1753,0,,,,0,0,0,0,0,0
609,20.3,2,2,0,locked,0,0,0.0,134.5,1185.0,717.0,0,12.7736,0.3493,16.783,0,,,,0,0,0,0,0,0
610,20.333333333333332,2,2,0,locked,0,0,0.0,135.5,1195.0,717.0,0,11.2,0.3112,15.2152,0,,,,0,0,0,0,0,0
611,20.366666666666667,2,2,0,locked,0,0,0.0,136.0,1186.0,716.0,0,11.4011,0.3199,15.3918,0,,,,0,0,0,0,0,0
612,20.4,2,2,0,locked,0,0,0.0,136.0,1205.0,716.0,0,10.5484,0.3851,14.5864,0,,,,0,0,0,0,0,0
613,20.433333333333334,1,1,0,locked,0,0,0.0,135.0,1195.0,716.0,0,10.4335,0.3514,14.9358,0,,,,0,0,0,0,0,0
614,20.466666666666665,2,2,0,locked,0,0,0.0,134.0,1192.0,715.5,0,12.3727,0.3309,16.8203,0,,,,0,0,0,0,0,0
615,20.5,2,2,0,locked,0,0,133.0,135.25,1206.0,715.0,0,14.3912,0.4834,18.392,0,,,,0,0,0,0,0,0
616,20.533333333333335,2,2,0,locked,0,0,139.5,136.5,1113.0,715.0,0,9.6305,0.322,13.8336,0,,,,0,0,0,0,0,0
617,20.566666666666666,2,2,0,locked,0,0,148.0,137.25,1040.0,714.5,0,9.6475,0.3389,13.7017,0,,,,0,0,0,0,0,0
618,20.6,2,2,0,locked,0,0,156.0,140.0,1014.0,714.5,0,12.9077,0.3392,16.8536,0,,,,0,0,0,0,0,0
619,20.633333333333333,2,2,0,locked,0,0,153.5,141.5,1004.5,714.5,0,13.9078,0.342,17.73,0,,,,0,0,0,0,0,0
620,20.666666666666668,2,2,0,locked,0,0,143.5,142.0,1002.0,715.0,0,12.6686,0.358,16.4452,0,,,,0,0,0,0,0,0
621,20.7,2,2,0,locked,0,0,127.0,141.0,1008.0,716.0,0,11.1083,0.3378,14.8813,0,,,,0,0,0,0,0,0
622,20.733333333333334,2,2,0,locked,0,0,120.5,140.0,1011.5,715.0,0,11.482,0.3096,15.2679,0,,,,0,0,0,0,0,0
623,20.766666666666666,2,2,0,locked,0,0,118.0,138.0,1014.0,716.0,0,11.5079,0.3336,15.2077,0,,,,0,0,0,0,0,0
624,20.8,2,2,0,locked,0,0,114.0,136.5,1019.0,715.5,0,12.0218,0.3156,16.0337,0,,,,0,0,0,0,0,0
625,20.833333333333332,2,2,0,locked,0,0,114.0,136.5,1018.0,715.0,0,11.9338,0.3018,15.8673,0,,,,0,0,0,0,0,0
626,20.866666666666667,2,2,0,locked,0,0,123.5,134.25,1019.0,714.5,0,11.9288,0.3187,15.845,0,,,,0,0,0,0,0,0
627,20.9,2,2,0,locked,0,0,143.5,133.0,1021.0,714.5,0,11.9323,0.3302,15.939,0,,,,0,0,0,0,0,0
628,20.933333333333334,2,2,0,locked,0,0,158.0,133.0,1021.0,715.0,0,8.8105,0.3529,12.7287,0,,,,0,0,0,0,0,0
629,20.966666666666665,2,2,0,locked,0,0,177.5,134.0,1022.0,715.0,0,13.4447,0.3473,17.3679,0,,,,0,0,0,0,0,0
630,21.0,2,2,0,locked,0,0,191.5,136.75,1021.0,715.0,0,12.5659,0.3147,16.4776,0,,,,0,0,0,0,0,0
631,21.033333333333335,2,2,0,locked,0,0,201.5,136.75,1019.5,716.0,0,16.2407,0.3432,20.2225,0,,,,0,0,0,0,0,0
632,21.066666666666666,2,2,0,locked,0,0,205.5,140.5,1026.0,716.0,0,11.8237,0.4848,16.2001,0,,,,0,0,0,0,0,0
633,21.1,2,2,0,locked,0,0,204.0,142.5,1027.0,717.0,0,11.8702,0.5006,17.1318,0,,,,0,0,0,0,0,0
634,21.133333333333333,2,2,0,locked,0,0,202.0,144.0,1034.0,716.5,0,20.0721,0.4772,25.5312,0,,,,0,0,0,0,0,0
635,21.166666666666668,2,2,0,locked,0,0,202.5,146.5,1032.0,717.0,0,12.0767,0.5201,17.2974,0,,,,0,0,0,0,0,0
636,21.2,2,2,0,locked,0,0,201.0,145.5,1031.0,717.0,0,14.4913,0.5028,19.3867,0,,,,0,0,0,0,0,0
637,21.233333333333334,2,2,0,locked,0,0,202.0,146.25,1027.0,717.0,0,12.2122,0.5453,18.2529,0,,,,0,0,0,0,0,0
638,21.266666666666666,2,2,0,locked,0,0,199.5,147.5,1022.0,718.0,0,15.5443,0.5475,21.9832,0,,,,0,0,0,0,0,0
639,21.3,2,2,0,locked,0,0,198.5,147.5,1013.0,717.5,0,12.463,0.3689,16.3946,0,,,,0,0,0,0,0,0
640,21.333333333333332,2,2,0,locked,0,0,195.0,149.25,1013.5,718.0,0,12.3754,0.353,16.2411,0,,,,0,0,0,0,0,0
641,21.366666666666667,2,2,0,locked,0,0,194.0,148.5,1015.5,717.5,0,9.0402,0.3469,12.7236,0,,,,0,0,0,0,0,0
642,21.4,1,1,0,locked,0,0,190.5,151.0,1005.5,718.0,0,8.7055,0.2824,12.3151,0,,,,0,0,0,0,0,0
643,21.433333333333334,2,2,0,locked,0,0,186.5,149.5,1006.0,718.0,0,11.455,0.369,15.4028,0,,,,0,0,0,0,0,0
644,21.466666666666665,2,2,0,locked,0,0,183.5,156.0,999.5,719.0,0,8.7366,0.3578,12.6572,0,,,,0,0,0,0,0,0
645,21.5,2,2,0,locked,0,0,181.5,158.25,999.5,719.0,0,11.8158,0.3468,15.6568,0,,,,0,0,0,0,0,0
646,21.533333333333335,1,1,0,locked,0,0,179.5,159.5,993.0,719.0,0,13.4392,0.2863,17.235,0,,,,0,0,0,0,0,0
647,21.566666666666666,2,2,0,locked,0,0,176.0,161.0,985.5,719.0,0,9.344,0.3492,13.2407,0,,,,0,0,0,0,0,0
648,21.6,2,2,0,locked,0,0,179.0,162.0,979.0,718.5,0,9.5407,0.3631,13.5048,0,,,,0,0,0,0,0,0
649,21.633333333333333,2,2,0,locked,0,0,175.0,163.75,976.0,719.0,0,10.402,0.31,14.1714,0,,,,0,0,0,0,0,0
650,21.666666666666668,2,2,0,locked,0,0,171.5,163.5,966.5,718.0,0,11.9736,0.3706,15.7651,0,,,,0,0,0,0,0,0
651,21.7,2,2,0,locked,0,0,166.0,162.5,963.5,718.0,0,16.383,0.3172,20.4809,0,,,,0,0,0,0,0,0
652,21.733333333333334,2,2,0,locked,0,0,164.5,162.5,960.0,719.0,0,15.5673,0.2975,19.2677,0,,,,0,0,0,0,0,0
653,21.766666666666666,2,2,0,locked,0,0,162.0,161.5,958.0,720.0,0,10.2513,0.3503,14.2112,0,,,,0,0,0,0,0,0
654,21.8,2,2,0,locked,0,0,162.5,161.0,955.5,719.0,0,11.9195,0.3164,15.6508,0,,,,0,0,0,0,0,0
655,21.833333333333332,2,2,0,locked,0,0,162.0,158.0,956.0,719.0,0,11.374,0.3176,15.1437,0,,,,0,0,0,0,0,0
656,21.866666666666667,2,2,0,locked,0,0,161.5,154.0,956.5,718.0,0,17.1375,0.3086,21.1158,0,,,,0,0,0,0,0,0
657,21.9,2,2,0,locked,0,0,162.5,154.0,957.0,718.0,0,15.6505,0.3357,19.4473,0,,,,0,0,0,0,0,0
658,21.933333333333334,2,2,0,locked,0,0,163.0,153.5,960.0,718.0,0,13.1644,0.3352,17.0328,0,,,,0,0,0,0,0,0
659,21.966666666666665,2,2,0,locked,0,0,167.0,153.0,963.0,718.0,0,10.3563,0.7084,14.8424,0,,,,0,0,0,0,0,0
660,22.0,2,2,0,locked,0,0,171.0,151.5,967.0,717.0,0,12.3289,0.3386,16.3819,0,,,,0,0,0,0,0,0
661,22.033333333333335,2,2,0,locked,0,0,173.5,152.0,972.0,719.0,0,10.2629,0.3226,13.9888,0,,,,0,0,0,0,0,0
662,22.066666666666666,2,2,0,locked,0,0,176.0,150.0,979.5,719.0,0,15.7843,0.32,19.5642,0,,,,0,0,0,0,0,0
663,22.1,2,2,0,locked,0,0,179.5,150.0,989.0,719.0,0,10.3613,0.351,14.0926,0,,,,0,0,0,0,0,0
664,22.133333333333333,2,2,0,locked,0,0,183.5,149.5,992.0,718.0,0,15.9787,0.3739,19.8322,0,,,,0,0,0,0,0,0
665,22.166666666666668,2,2,0,locked,0,0,184.0,148.5,1002.5,718.0,0,10.0061,0.3919,13.8666,0,,,,0,0,0,0,0,0
666,22.2,2,2,0,locked,0,0,191.0,148.5,1001.0,718.5,0,10.0528,0.3318,13.7621,0,,,,0,0,0,0,0,0
667,22.233333333333334,2,2,0,locked,0,0,191.0,148.0,1007.5,718.0,0,14.6129,0.3061,18.2925,0,,,,0,0,0,0,0,0
668,22.266666666666666,2,2,0,locked,0,0,192.5,147.0,1011.0,719.0,0,16.3185,0.3327,20.0739,0,,,,0,0,0,0,0,0
669,22.3,2,2,0,locked,0,0,195.5,147.5,1014.0,717.5,0,16.7789,0.3506,20.7536,0,,,,0,0,0,0,0,0
670,22.333333333333332,2,2,0,locked,0,0,198.5,147.0,1013.0,717.5,0,10.1737,0.3289,14.0229,0,,,,0,0,0,0,0,0
671,22.366666666666667,2,2,0,locked,0,0,199.5,146.25,1018.0,717.0,0,14.5879,0.3461,18.4189,0,,,,0,0,0,0,0,0
672,22.4,2,2,0,locked,0,0,201.5,146.0,1020.5,717.0,0,10.2217,0.3517,14.1142,0,,,,0,0,0,0,0,0
673,22.433333333333334,2,2,0,locked,0,0,202.0,145.5,1026.0,717.0,0,14.2295,0.3704,18.1608,0,,,,0,0,0,0,0,0
674,22.466666666666665,2,2,0,locked,0,0,202.0,145.5,1025.0,716.0,0,13.5356,0.367,17.5404,0,,,,0,0,0,0,0,0
675,22.5,3,2,1,locked,0,0,203.0,144.5,1026.0,716.0,0,15.3867,0.3517,19.2536,0,,,,0,0,0,0,0,0
676,22.533333333333335,2,2,0,locked,0,0,201.5,144.0,1027.0,716.0,0,15.6455,0.3234,19.4626,0,,,,0,0,0,0,0,0
677,22.566666666666666,2,2,0,locked,0,0,204.5,144.0,1029.0,716.5,0,10.8326,0.3598,14.56,0,,,,0,0,0,0,0,0
678,22.6,2,2,0,locked,0,0,204.5,144.5,1032.0,716.0,0,10.2577,0.3507,14.0439,0,,,,0,0,0,0,0,0
679,22.633333333333333,3,2,1,locked,0,0,207.0,144.5,1028.0,717.0,0,9.8812,0.3747,13.7427,0,,,,0,0,0,0,0,0
680,22.666666666666668,2,2,0,locked,0,0,211.0,145.5,1026.0,716.0,0,11.1139,0.3653,14.9645,0,,,,0,0,0,0,0,0
681,22.7,3,2,1,locked,0,0,213.0,145.75,1028.0,715.0,0,10.5304,0.3822,14.3484,0,,,,0,0,0,0,0,0
682,22.733333333333334,2,2,0,locked,0,0,216.5,145.0,1025.0,715.5,0,12.2248,0.3594,16.0439,0,,,,0,0,0,0,0,0
683,22.766666666666666,2,2,0,locked,0,0,221.0,146.5,1026.0,716.0,0,10.0692,0.3366,13.8436,0,,,,0,0,0,0,0,0
684,22.8,2,2,0,locked,0,0,229.5,148.0,1027.0,715.5,0,10.0291,0.3931,13.701,0,,,,0,0,0,0,0,0
685,22.833333333333332,2,2,0,locked,0,0,235.0,148.5,1021.0,717.0,0,13.6602,0.3519,17.4401,0,,,,0,0,0,0,0,0
686,22.866666666666667,1,1,0,locked,0,0,239.5,148.5,1023.5,719.0,0,10.1065,0.3417,13.8732,0,,,,0,0,0,0,0,0
687,22.9,1,1,0,locked,0,0,244.0,149.0,1020.5,717.5,0,14.4714,0.3007,18.1277,0,,,,0,0,0,0,0,0
688,22.933333333333334,2,2,0,locked,0,0,248.0,150.5,1022.0,718.0,0,13.3854,0.3379,17.1025,0,,,,0,0,0,0,0,0
689,22.966666666666665,3,2,1,locked,0,0,254.0,151.0,1018.0,717.5,0,12.0584,0.3394,15.8053,0,,,,0,0,0,0,0,0
690,23.0,2,2,0,locked,0,0,256.5,151.0,1022.0,719.0,0,11.4638,0.3578,15.2445,0,,,,0,0,0,0,0,0
691,23.033333333333335,2,2,0,locked,0,0,259.0,151.75,1020.5,719.0,0,9.9319,0.3183,13.6721,0,,,,0,0,0,0,0,0
692,23.066666666666666,2,2,0,locked,0,0,259.0,152.75,1020.0,717.5,0,9.692,0.3084,13.5405,0,,,,0,0,0,0,0,0
693,23.1,2,2,0,locked,0,0,256.5,154.25,1014.5,719.0,0,13.6873,0.3467,17.4237,0,,,,0,0,0,0,0,0
694,23.133333333333333,2,2,0,locked,0,0,255.0,155.0,1014.0,720.0,0,13.0544,0.4974,17.1037,0,,,,0,0,0,0,0,0
695,23.166666666666668,2,2,0,locked,0,0,253.5,156.0,1014.0,720.0,0,12.3247,0.3135,16.0221,0,,,,0,0,0,0,0,0
696,23.2,2,2,0,locked,0,0,250.5,157.5,1013.0,720.0,0,11.6812,0.3469,15.4469,0,,,,0,0,0,0,0,0
697,23.233333333333334,2,2,0,locked,0,0,251.5,159.5,1008.5,720.0,0,12.4714,0.6944,16.6458,0,,,,0,0,0,0,0,0
698,23.266666666666666,2,2,0,locked,0,0,247.5,158.75,1001.0,720.0,0,11.8994,0.3254,17.0627,0,,,,0,0,0,0,0,0
699,23.3,2,2,0,locked,0,0,245.0,159.0,997.0,720.0,0,12.1124,0.3586,16.0278,0,,,,0,0,0,0,0,0
700,23.333333333333332,2,2,0,locked,0,0,242.5,159.75,994.0,720.0,0,10.7652,0.336,14.6095,0,,,,0,0,0,0,0,0
701,23.366666666666667,2,2,0,locked,0,0,240.75,160.5,994.0,720.0,0,12.6411,0.327,16.4256,0,,,,0,0,0,0,0,0
702,23.4,2,2,0,locked,0,0,239.0,161.0,988.0,720.0,0,10.115,0.3503,13.9392,0,,,,0,0,0,0,0,0
703,23.433333333333334,2,2,0,locked,0,0,237.5,161.5,986.5,720.0,0,15.0217,0.3071,18.9205,0,,,,0,0,0,0,0,0
704,23.466666666666665,2,2,0,locked,0,0,233.5,162.5,983.0,720.0,0,11.2232,0.3108,14.9503,0,,,,0,0,0,0,0,0
705,23.5,2,2,0,locked,0,0,231.5,162.5,977.5,720.0,0,14.9951,0.318,18.8275,0,,,,0,0,0,0,0,0
706,23.533333333333335,2,2,0,locked,0,0,231.0,162.25,971.5,720.0,0,9.2838,0.5807,13.4509,0,,,,0,0,0,0,0,0
707,23.566666666666666,2,2,0,locked,0,0,230.0,162.5,968.5,720.0,0,9.1924,0.3652,13.0254,0,,,,0,0,0,0,0,0
708,23.6,2,2,0,locked,0,0,229.0,162.0,968.0,720.0,0,15.9348,0.3672,19.8785,0,,,,0,0,0,0,0,0
709,23.633333333333333,2,2,0,locked,0,0,229.0,163.25,967.0,720.0,0,10.2986,0.5377,14.4449,0,,,,0,0,0,0,0,0
710,23.666666666666668,2,2,0,locked,0,0,227.0,162.5,967.0,720.0,0,10.3663,0.3169,14.0634,0,,,,0,0,0,0,0,0
711,23.7,2,2,0,locked,0,0,227.5,162.5,966.0,720.0,0,11.3075,0.3593,15.0086,0,,,,0,0,0,0,0,0
712,23.733333333333334,2,2,0,locked,0,0,227.0,162.5,967.0,720.0,0,15.3689,0.3042,19.2506,0,,,,0,0,0,0,0,0
713,23.766666666666666,2,2,0,locked,0,0,226.0,161.5,965.0,720.0,0,10.0801,0.3483,13.8921,0,,,,0,0,0,0,0,0
714,23.8,2,2,0,locked,0,0,227.5,161.75,969.0,720.0,0,10.8882,0.7065,15.2383,0,,,,0,0,0,0,0,0
715,23.833333333333332,2,2,0,locked,0,0,226.5,161.5,968.5,720.0,0,11.8814,0.3077,15.7832,0,,,,0,0,0,0,0,0
716,23.866666666666667,2,2,0,locked,0,0,226.0,161.5,965.5,720.0,0,14.6422,0.2969,18.4583,0,,,,0,0,0,0,0,0
717,23.9,2,2,0,locked,0,0,227.5,161.0,970.0,720.0,0,13.4753,0.3157,17.2889,0,,,,0,0,0,0,0,0
718,23.933333333333334,2,2,0,locked,0,0,226.5,160.5,969.0,720.0,0,9.5125,0.6411,13.6684,0,,,,0,0,0,0,0,0
719,23.966666666666665,2,2,0,locked,0,0,227.0,160.25,973.0,720.0,0,9.4245,0.3141,13.0561,0,,,,0,0,0,0,0,0
720,24.0,3,2,1,locked,0,0,228.5,159.25,972.0,720.0,0,11.2251,0.3604,15.0666,0,,,,0,0,0,0,0,0
721,24.033333333333335,2,2,0,locked,0,0,229.0,159.5,974.0,720.0,0,11.5603,0.2894,15.3189,0,,,,0,0,0,0,0,0
722,24.066666666666666,2,2,0,locked,0,0,229.5,158.75,974.0,720.0,0,8.9441,0.3305,12.7285,0,,,,0,0,0,0,0,0
723,24.1,2,2,0,locked,0,0,229.75,158.25,976.5,720.0,0,8.7715,0.3453,12.5672,0,,,,0,0,0,0,0,0
724,24.133333333333333,2,2,0,locked,0,0,229.5,158.0,977.0,720.0,0,14.1688,0.3715,18.1904,0,,,,0,0,0,0,0,0
725,24.166666666666668,2,2,0,locked,0,0,231.5,157.5,977.0,720.0,0,13.3709,0.3246,17.3642,0,,,,0,0,0,0,0,0
726,24.2,2,2,0,locked,0,0,231.25,157.5,976.5,720.0,0,12.6531,0.3249,16.6237,0,,,,0,0,0,0,0,0
727,24.233333333333334,2,2,0,locked,0,0,229.75,157.5,983.5,720.0,0,12.1371,0.3201,16.0469,0,,,,0,0,0,0,0,0
728,24.266666666666666,2,2,0,locked,0,0,230.75,157.25,981.0,720.0,0,9.6323,0.3266,13.6747,0,,,,0,0,0,0,0,0
729,24.3,2,2,0,locked,0,0,231.0,158.25,983.5,720.0,0,13.1799,0.3139,17.0966,0,,,,0,0,0,0,0,0
730,24.333333333333332,2,2,0,locked,0,0,231.0,158.0,982.0,720.0,0,13.5354,0.3466,17.5468,0,,,,0,0,0,0,0,0
731,24.366666666666667,2,2,0,locked,0,0,230.5,159.25,981.5,720.0,0,11.7653,0.3653,15.6939,0,,,,0,0,0,0,0,0
732,24.4,2,2,0,locked,0,0,231.5,160.0,983.0,720.0,0,11.5537,0.304,15.5204,0,,,,0,0,0,0,0,0
733,24.433333333333334,2,2,0,locked,0,0,231.25,160.0,977.0,720.0,0,13.8704,0.3747,18.0097,0,,,,0,0,0,0,0,0
734,24.466666666666665,2,2,0,locked,0,0,229.75,161.0,976.0,720.0,0,10.8292,0.7077,15.4138,0,,,,0,0,0,0,0,0
735,24.5,2,2,0,locked,0,0,227.5,161.0,973.0,720.0,0,12.8404,0.3758,16.9095,0,,,,0,0,0,0,0,0
736,24.533333333333335,3,2,1,locked,0,0,227.5,161.25,965.0,720.0,0,9.0241,0.2964,12.8455,0,,,,0,0,0,0,0,0
737,24.566666666666666,2,2,0,locked,0,0,225.0,160.25,964.0,720.0,0,11.5477,0.3273,15.2666,0,,,,0,0,0,0,0,0
738,24.6,2,2,0,locked,0,0,223.0,159.5,961.0,720.0,0,11.6856,0.3472,15.6212,0,,,,0,0,0,0,0,0
739,24.633333333333333,2,2,0,locked,0,0,221.5,158.5,959.5,720.0,0,8.9238,0.3254,12.7451,0,,,,0,0,0,0,0,0
740,24.666666666666668,2,2,0,locked,0,0,221.5,158.75,953.0,720.0,0,13.6239,0.3356,17.515,0,,,,0,0,0,0,0,0
741,24.7,2,2,0,locked,0,0,222.0,159.0,951.0,720.0,0,12.6018,0.3155,16.5401,0,,,,0,0,0,0,0,0
742,24.733333333333334,2,2,0,locked,0,0,220.0,158.5,952.5,720.0,0,9.0514,0.3175,12.971,0,,,,0,0,0,0,0,0
743,24.766666666666666,2,2,0,locked,0,0,219.0,159.0,950.5,720.0,0,12.7371,0.3534,16.7495,0,,,,0,0,0,0,0,0
744,24.8,2,2,0,locked,0,0,217.0,159.0,950.0,720.0,0,8.9246,0.3393,12.9458,0,,,,0,0,0,0,0,0
745,24.833333333333332,2,2,0,locked,0,0,216.0,159.75,947.0,720.0,0,13.0444,0.3471,16.9176,0,,,,0,0,0,0,0,0
746,24.866666666666667,2,2,0,locked,0,0,215.0,159.5,945.5,720.0,0,12.731,0.3274,16.7495,0,,,,0,0,0,0,0,0
747,24.9,2,2,0,locked,0,0,214.0,160.75,943.5,720.0,0,12.8611,0.3511,16.8196,0,,,,0,0,0,0,0,0
748,24.933333333333334,2,2,0,locked,0,0,214.5,160.75,944.0,720.0,0,8.9413,0.3118,12.9184,0,,,,0,0,0,0,0,0
749,24.966666666666665,2,2,0,locked,0,0,214.0,162.0,943.0,720.0,0,16.1926,0.306,20.2047,0,,,,0,0,0,0,0,0
750,25.0,2,2,0,locked,0,0,213.0,162.5,941.0,720.0,0,13.3153,0.3705,17.3894,0,,,,0,0,0,0,0,0
751,25.033333333333335,2,2,0,locked,0,0,212.5,163.5,943.5,720.0,0,12.8385,0.2998,16.8655,0,,,,0,0,0,0,0,0
752,25.066666666666666,2,2,0,locked,0,0,213.0,163.75,942.5,720.0,0,9.8684,0.3078,13.9144,0,,,,0,0,0,0,0,0
753,25.1,2,2,0,locked,0,0,211.5,164.0,938.0,720.0,0,12.6058,0.3489,16.6596,0,,,,0,0,0,0,0,0
754,25.133333333333333,2,2,0,locked,0,0,210.5,164.75,939.0,720.0,0,13.2946,0.3322,17.3031,0,,,,0,0,0,0,0,0
755,25.166666666666668,2,2,0,locked,0,0,209.5,165.0,935.0,720.0,0,13.589,0.3463,17.6953,0,,,,0,0,0,0,0,0
756,25.2,2,2,0,locked,0,0,210.5,165.5,935.0,720.0,0,9.0343,0.337,13.0221,0,,,,0,0,0,0,0,0
757,25.233333333333334,2,2,0,locked,0,0,209.0,167.0,934.0,720.0,0,8.9441,0.2973,12.9189,0,,,,0,0,0,0,0,0
758,25.266666666666666,2,2,0,locked,0,0,209.5,166.25,933.0,720.0,0,16.3867,0.3159,20.4748,0,,,,0,0,0,0,0,0
759,25.3,2,2,0,locked,0,0,209.0,167.0,932.0,720.0,0,8.9218,0.3549,12.6958,0,,,,0,0,0,0,0,0
760,25.333333333333332,2,2,0,locked,0,0,207.5,166.5,934.0,720.0,0,9.1612,0.3216,12.9244,0,,,,0,0,0,0,0,0
761,25.366666666666667,2,2,0,locked,0,0,208.0,167.5,931.5,720.0,0,12.1833,0.3107,16.1656,0,,,,0,0,0,0,0,0
762,25.4,2,2,0,locked,0,0,208.25,167.0,930.0,720.0,0,14.41,0.331,18.1492,0,,,,0,0,0,0,0,0
763,25.433333333333334,2,2,0,locked,0,0,209.0,167.0,931.0,720.0,0,15.6813,0.3187,19.4701,0,,,,0,0,0,0,0,0
764,25.466666666666665,3,2,1,locked,0,0,206.5,165.5,932.0,720.0,0,17.0559,0.3496,20.9765,0,,,,0,0,0,0,0,0
765,25.5,3,2,1,locked,0,0,207.0,167.5,930.0,720.0,0,14.4188,0.3028,18.259,0,,,,0,0,0,0,0,0
766,25.533333333333335,2,2,0,locked,0,0,205.5,167.5,928.0,720.0,0,21.4286,0.3344,25.3382,0,,,,0,0,0,0,0,0
767,25.566666666666666,2,2,0,locked,0,0,207.0,167.25,930.0,720.0,0,10.3917,0.3265,14.8208,0,,,,0,0,0,0,0,0
768,25.6,2,2,0,locked,0,0,207.0,167.0,926.5,720.0,0,9.1141,0.307,12.9839,0,,,,0,0,0,0,0,0
769,25.633333333333333,2,2,0,locked,0,0,207.5,167.5,929.0,720.0,0,9.4279,0.3137,13.1101,0,,,,0,0,0,0,0,0
770,25.666666666666668,2,2,0,locked,0,0,207.5,167.5,928.0,720.0,0,10.1725,0.4286,14.0896,0,,,,0,0,0,0,0,0
771,25.7,2,2,0,locked,0,0,207.0,167.75,930.0,720.0,0,11.2629,0.3616,15.7189,0,,,,0,0,0,0,0,0
772,25.733333333333334,2,2,0,locked,0,0,208.0,166.5,927.5,720.0,0,14.7666,0.3715,18.8509,0,,,,0,0,0,0,0,0
773,25.766666666666666,2,2,0,locked,0,0,207.0,167.0,929.5,720.0,0,10.0959,0.3875,14.227,0,,,,0,0,0,0,0,0
774,25.8,3,2,1,locked,0,0,207.0,168.25,929.5,720.0,0,10.3628,0.3422,15.0611,0,,,,0,0,0,0,0,0
775,25.833333333333332,2,2,0,locked,0,0,208.75,167.0,928.0,720.0,0,12.0786,0.3846,16.2063,0,,,,0,0,0,0,0,0
776,25.866666666666667,2,2,0,locked,0,0,207.5,167.75,929.5,720.0,0,18.1026,0.3476,22.2183,0,,,,0,0,0,0,0,0
777,25.9,3,2,1,locked,0,0,207.0,168.0,931.0,720.0,0,9.4171,0.3494,13.6488,0,,,,0,0,0,0,0,0
778,25.933333333333334,2,2,0,locked,0,0,208.0,167.5,928.0,720.0,0,11.6002,0.3841,15.7224,0,,,,0,0,0,0,0,0
779,25.966666666666665,2,2,0,locked,0,0,209.0,167.75,930.0,720.0,0,11.4631,0.3503,15.6092,0,,,,0,0,0,0,0,0
780,26.0,3,2,1,locked,0,0,207.0,167.5,933.5,720.0,0,8.9735,0.3671,12.8121,0,,,,0,0,0,0,0,0
781,26.033333333333335,2,2,0,locked,0,0,208.5,168.0,926.5,720.0,0,10.8272,0.3052,14.7293,0,,,,0,0,0,0,0,0
782,26.066666666666666,2,2,0,locked,0,0,208.25,167.5,932.0,720.0,0,10.8365,0.317,14.9168,0,,,,0,0,0,0,0,0
783,26.1,2,2,0,locked,0,0,208.5,167.75,930.0,720.0,0,11.3997,0.3254,15.0665,0,,,,0,0,0,0,0,0
784,26.133333333333333,2,2,0,locked,0,0,208.0,167.5,932.0,720.0,0,11.5971,0.3273,15.4338,0,,,,0,0,0,0,0,0
785,26.166666666666668,2,2,0,locked,0,0,208.0,168.0,930.5,720.0,0,13.5712,0.3083,17.3563,0,,,,0,0,0,0,0,0
786,26.2,2,2,0,locked,0,0,209.0,168.0,930.0,720.0,0,10.6066,0.3313,14.4459,0,,,,0,0,0,0,0,0
787,26.233333333333334,2,2,0,locked,0,0,208.5,168.75,931.5,720.0,0,10.027,0.3381,13.9915,0,,,,0,0,0,0,0,0
788,26.266666666666666,2,2,0,locked,0,0,208.5,167.75,930.5,720.0,0,12.2448,0.3251,16.2357,0,,,,0,0,0,0,0,0
789,26.3,2,2,0,locked,0,0,208.0,169.0,931.5,720.0,0,11.7498,0.304,15.7201,0,,,,0,0,0,0,0,0
790,26.333333333333332,2,2,0,locked,0,0,208.5,168.0,931.0,720.0,0,16.9119,0.3526,21.0682,0,,,,0,0,0,0,0,0
791,26.366666666666667,3,2,1,locked,0,0,209.0,168.5,933.0,720.0,0,13.4017,0.2997,17.3226,0,,,,0,0,0,0,0,0
792,26.4,2,2,0,locked,0,0,210.0,168.75,933.0,720.0,0,10.0363,0.3015,14.092,0,,,,0,0,0,0,0,0
793,26.433333333333334,2,2,0,locked,0,0,209.0,167.75,931.5,720.0,0,8.8692,0.3233,12.8112,0,,,,0,0,0,0,0,0
794,26.466666666666665,2,2,0,locked,0,0,209.5,169.0,932.0,720.0,0,12.6936,0.3073,16.6263,0,,,,0,0,0,0,0,0
795,26.5,2,2,0,locked,0,0,211.0,167.5,933.0,720.0,0,10.1581,0.3513,14.1422,0,,,,0,0,0,0,0,0
796,26.533333333333335,2,2,0,locked,0,0,209.5,167.25,933.5,720.0,0,10.7798,0.3009,14.7878,0,,,,0,0,0,0,0,0
797,26.566666666666666,2,2,0,locked,0,0,208.0,168.0,936.0,720.0,0,12.8378,0.3458,16.845,0,,,,0,0,0,0,0,0
798,26.6,2,2,0,locked,0,0,209.0,167.5,933.0,720.0,0,11.0975,0.3163,15.1173,0,,,,0,0,0,0,0,0
799,26.633333333333333,2,2,0,locked,0,0,210.5,166.5,932.0,720.0,0,10.6772,0.3044,14.6315,0,,,,0,0,0,0,0,0
800,26.666666666666668,2,2,0,locked,0,0,209.5,167.0,935.0,720.0,0,14.9923,0.5839,19.7638,0,,,,0,0,0,0,0,0
801,26.7,2,2,0,locked,0,0,211.0,165.5,937.5,720.0,0,14.8443,0.3201,18.7625,0,,,,0,0,0,0,0,0
802,26.733333333333334,2,2,0,locked,0,0,212.0,165.5,941.0,720.0,0,9.1174,0.3038,13.0782,0,,,,0,0,0,0,0,0
803,26.766666666666666,2,2,0,locked,0,0,212.0,165.5,942.5,720.0,0,9.6602,0.337,13.4148,0,,,,0,0,0,0,0,0
804,26.8,2,2,0,locked,0,0,212.5,165.0,939.5,720.0,0,14.7335,0.3187,18.5783,0,,,,0,0,0,0,0,0
805,26.833333333333332,2,2,0,locked,0,0,212.5,165.5,945.0,720.0,0,14.1606,0.3451,18.0349,0,,,,0,0,0,0,0,0
806,26.866666666666667,2,2,0,locked,0,0,212.5,164.5,944.0,720.0,0,9.3441,0.319,13.3708,0,,,,0,0,0,0,0,0
807,26.9,2,2,0,locked,0,0,214.5,163.0,944.5,720.0,0,15.4442,0.3147,19.359,0,,,,0,0,0,0,0,0
808,26.933333333333334,2,2,0,locked,0,0,215.0,163.5,948.0,720.0,0,15.3044,0.3342,19.2294,0,,,,0,0,0,0,0,0
809,26.966666666666665,2,2,0,locked,0,0,216.5,163.0,946.5,720.0,0,9.1305,0.3093,12.9481,0,,,,0,0,0,0,0,0
810,27.0,2,2,0,locked,0,0,217.0,162.5,947.0,720.0,0,14.5581,0.3005,18.3828,0,,,,0,0,0,0,0,0
811,27.033333333333335,2,2,0,locked,0,0,217.5,163.5,948.5,720.0,0,11.6356,0.2914,15.4908,0,,,,0,0,0,0,0,0
812,27.066666666666666,2,2,0,locked,0,0,217.5,162.5,947.0,720.0,0,13.2597,0.3251,17.4947,0,,,,0,0,0,0,0,0
813,27.1,2,2,0,locked,0,0,217.0,162.5,949.5,720.0,0,14.0193,0.3246,17.6915,0,,,,0,0,0,0,0,0
814,27.133333333333333,2,2,0,locked,0,0,216.0,162.25,949.0,720.0,0,12.7633,0.3063,16.5158,0,,,,0,0,0,0,0,0
815,27.166666666666668,2,2,0,locked,0,0,216.5,161.5,949.0,720.0,0,12.2198,0.317,15.9504,0,,,,0,0,0,0,0,0
816,27.2,2,2,0,locked,0,0,215.5,161.5,948.5,720.0,0,12.1617,0.3015,15.9366,0,,,,0,0,0,0,0,0
817,27.233333333333334,2,2,0,locked,0,0,215.5,161.25,948.0,720.0,0,12.1272,0.32,16.0365,0,,,,0,0,0,0,0,0
818,27.266666666666666,2,2,0,locked,0,0,216.0,161.75,950.0,720.0,0,11.7528,0.3093,15.6493,0,,,,0,0,0,0,0,0
819,27.3,2,2,0,locked,0,0,215.5,161.0,946.5,720.0,0,11.7935,0.3145,15.7588,0,,,,0,0,0,0,0,0
820,27.333333333333332,2,2,0,locked,0,0,215.5,162.0,949.0,720.0,0,11.5214,0.3026,15.4477,0,,,,0,0,0,0,0,0
821,27.366666666666667,2,2,0,locked,0,0,215.0,161.5,947.0,720.0,0,10.203,0.3155,14.1961,0,,,,0,0,0,0,0,0
822,27.4,2,2,0,locked,0,0,214.5,161.75,946.5,720.0,0,13.2516,0.314,17.2415,0,,,,0,0,0,0,0,0
823,27.433333333333334,2,2,0,locked,0,0,214.0,161.5,949.5,720.0,0,10.0118,0.3185,14.0681,0,,,,0,0,0,0,0,0
824,27.466666666666665,2,2,0,locked,0,0,214.0,161.0,945.5,720.0,0,16.0306,0.3104,20.1004,0,,,,0,0,0,0,0,0
825,27.5,2,2,0,locked,0,0,214.5,161.0,948.0,720.0,0,9.7042,0.2996,13.7145,0,,,,0,0,0,0,0,0
826,27.533333333333335,2,2,0,locked,0,0,213.5,160.75,948.5,720.0,0,11.5492,0.2901,15.5932,0,,,,0,0,0,0,0,0
827,27.566666666666666,2,2,0,locked,0,0,215.0,160.75,948.0,720.0,0,11.4316,0.2964,15.4147,0,,,,0,0,0,0,0,0
828,27.6,2,2,0,locked,0,0,214.0,161.0,944.0,720.0,0,11.7654,0.3068,15.7502,0,,,,0,0,0,0,0,0
829,27.633333333333333,2,2,0,locked,0,0,214.5,160.25,948.5,720.0,0,16.4919,0.3126,20.4717,0,,,,0,0,0,0,0,0
830,27.666666666666668,2,2,0,locked,0,0,215.0,160.75,947.0,720.0,0,9.8984,0.3138,13.9543,0,,,,0,0,0,0,0,0
831,27.7,2,2,0,locked,0,0,214.5,160.0,947.5,720.0,0,12.7367,0.3227,16.7377,0,,,,0,0,0,0,0,0
832,27.733333333333334,2,2,0,locked,0,0,215.0,160.5,949.5,720.0,0,10.2081,0.3249,14.2591,0,,,,0,0,0,0,0,0
833,27.766666666666666,2,2,0,locked,0,0,215.5,159.5,949.0,720.0,0,15.9662,0.3183,19.9993,0,,,,0,0,0,0,0,0
834,27.8,2,2,0,locked,0,0,215.5,160.0,949.0,720.0,0,9.8111,0.3238,13.6439,0,,,,0,0,0,0,0,0
835,27.833333333333332,2,2,0,locked,0,0,215.5,160.25,949.0,720.0,0,15.9891,0.3231,20.1835,0,,,,0,0,0,0,0,0
836,27.866666666666667,2,2,0,locked,0,0,215.0,160.0,950.0,720.0,0,9.8836,0.3147,13.8364,0,,,,0,0,0,0,0,0
837,27.9,2,2,0,locked,0,0,216.0,161.0,948.0,720.0,0,9.8758,0.3253,13.7314,0,,,,0,0,0,0,0,0
838,27.933333333333334,2,2,0,locked,0,0,215.0,160.25,950.0,720.0,0,13.3668,0.3294,17.1261,0,,,,0,0,0,0,0,0
839,27.966666666666665,2,2,0,locked,0,0,214.5,160.5,946.0,720.0,0,10.9579,0.3261,14.787,0,,,,0,0,0,0,0,0
840,28.0,2,2,0,locked,0,0,214.5,161.0,948.0,720.0,0,9.5748,0.3157,13.4551,0,,,,0,0,0,0,0,0
841,28.033333333333335,2,2,0,locked,0,0,213.5,160.0,948.5,720.0,0,10.9343,0.5298,15.0641,0,,,,0,0,0,0,0,0
842,28.066666666666666,2,2,0,locked,0,0,215.0,160.0,949.5,720.0,0,11.6425,0.313,15.7156,0,,,,0,0,0,0,0,0
843,28.1,2,2,0,locked,0,0,214.5,159.5,950.0,720.0,0,11.9448,0.3177,15.7112,0,,,,0,0,0,0,0,0
844,28.133333333333333,2,2,0,locked,0,0,214.0,160.5,949.5,720.0,0,15.8635,0.3389,19.7335,0,,,,0,0,0,0,0,0
845,28.166666666666668,2,2,0,locked,0,0,215.0,160.5,947.0,720.0,0,10.5769,0.3166,14.4397,0,,,,0,0,0,0,0,0
846,28.2,2,2,0,locked,0,0,215.5,160.5,945.0,720.0,0,12.1585,0.3082,15.912,0,,,,0,0,0,0,0,0
847,28.233333333333334,2,2,0,locked,0,0,214.5,159.5,947.5,720.0,0,9.7449,0.3157,13.7898,0,,,,0,0,0,0,0,0
848,28.266666666666666,2,2,0,locked,0,0,216.0,160.25,948.0,720.0,0,10.365,0.2903,14.0214,0,,,,0,0,0,0,0,0
849,28.3,2,2,0,locked,0,0,214.5,161.5,946.5,720.0,0,13.0088,0.3359,16.8157,0,,,,0,0,0,0,0,0
850,28.333333333333332,2,2,0,locked,0,0,215.0,160.5,948.5,720.0,0,10.6984,0.3132,14.5959,0,,,,0,0,0,0,0,0
851,28.366666666666667,2,2,0,locked,0,0,215.0,161.0,948.5,720.0,0,13.4276,0.3312,17.3615,0,,,,0,0,0,0,0,0
852,28.4,2,2,0,locked,0,0,215.5,160.75,947.5,720.0,0,9.8707,0.2946,13.6994,0,,,,0,0,0,0,0,0
853,28.433333333333334,2,2,0,locked,0,0,216.0,160.5,949.0,720.0,0,14.5669,0.3168,18.509,0,,,,0,0,0,0,0,0
854,28.466666666666665,2,2,0,locked,0,0,217.0,160.5,950.5,720.0,0,9.8702,0.3183,13.7906,0,,,,0,0,0,0,0,0
855,28.5,2,2,0,locked,0,0,216.5,160.5,948.5,720.0,0,13.15,0.314,17.2052,0,,,,0,0,0,0,0,0
856,28.533333333333335,2,2,0,locked,0,0,215.5,160.0,946.5,720.0,0,12.7114,0.3118,16.6987,0,,,,0,0,0,0,0,0
857,28.566666666666666,2,2,0,locked,0,0,215.0,160.0,946.0,720.0,0,10.0915,0.3014,14.0718,0,,,,0,0,0,0,0,0
858,28.6,2,2,0,locked,0,0,215.5,160.0,947.0,720.0,0,11.5898,0.3725,15.6594,0,,,,0,0,0,0,0,0
859,28.633333333333333,2,2,0,locked,0,0,216.0,159.5,947.0,720.0,0,16.9476,0.3096,21.0824,0,,,,0,0,0,0,0,0
860,28.666666666666668,2,2,0,locked,0,0,216.0,160.5,948.5,720.0,0,8.7109,0.3078,12.8575,0,,,,0,0,0,0,0,0
861,28.7,2,2,0,locked,0,0,218.0,160.0,947.5,720.0,0,11.8695,0.3199,15.8479,0,,,,0,0,0,0,0,0
862,28.733333333333334,2,2,0,locked,0,0,216.0,161.0,949.0,720.0,0,9.3531,0.3104,13.313,0,,,,0,0,0,0,0,0
863,28.766666666666666,2,2,0,locked,0,0,215.5,160.0,948.0,720.0,0,10.5018,0.3151,14.451,0,,,,0,0,0,0,0,0
864,28.8,2,2,0,locked,0,0,217.5,159.5,948.0,720.0,0,11.4038,0.3278,15.3812,0,,,,0,0,0,0,0,0
865,28.833333333333332,2,2,0,locked,0,0,215.5,159.75,949.0,720.0,0,11.8598,0.3021,15.8615,0,,,,0,0,0,0,0,0
866,28.866666666666667,2,2,0,locked,0,0,215.5,160.0,947.0,720.0,0,11.6854,0.3278,15.7099,0,,,,0,0,0,0,0,0
867,28.9,2,2,0,locked,0,0,217.0,160.5,951.5,720.0,0,10.3346,0.3204,14.287,0,,,,0,0,0,0,0,0
868,28.933333333333334,2,2,0,locked,0,0,217.0,159.5,948.0,720.0,0,10.8748,0.3303,14.842,0,,,,0,0,0,0,0,0
869,28.966666666666665,2,2,0,locked,0,0,217.5,160.25,948.0,720.0,0,12.578,0.2979,16.519,0,,,,0,0,0,0,0,0
870,29.0,2,2,0,locked,0,0,216.5,160.0,949.0,720.0,0,11.7722,0.3184,15.7701,0,,,,0,0,0,0,0,0
871,29.033333333333335,2,2,0,locked,0,0,216.5,159.5,948.0,720.0,0,13.5327,0.2969,17.591,0,,,,0,0,0,0,0,0
872,29.066666666666666,2,2,0,locked,0,0,216.5,159.75,952.0,720.0,0,11.6034,0.3213,15.6004,0,,,,0,0,0,0,0,0
873,29.1,2,2,0,locked,0,0,215.0,159.0,950.0,720.0,0,11.411,0.3107,15.3851,0,,,,0,0,0,0,0,0
874,29.133333333333333,2,2,0,locked,0,0,216.5,159.0,949.5,720.0,0,14.5192,0.3034,18.5796,0,,,,0,0,0,0,0,0
875,29.166666666666668,2,2,0,locked,0,0,216.0,159.5,949.0,720.0,0,13.5967,0.3301,17.6764,0,,,,0,0,0,0,0,0
876,29.2,2,2,0,locked,0,0,217.0,159.5,950.0,720.0,0,8.9316,0.3212,12.9562,0,,,,0,0,0,0,0,0
877,29.233333333333334,2,2,0,locked,0,0,217.5,160.5,953.0,720.0,0,8.7467,0.3277,12.7071,0,,,,0,0,0,0,0,0
878,29.266666666666666,2,2,0,locked,0,0,216.0,159.75,950.5,720.0,0,12.6259,0.3257,16.6385,0,,,,0,0,0,0,0,0
879,29.3,2,2,0,locked,0,0,218.0,160.0,950.0,720.0,0,11.4879,0.3049,15.4365,0,,,,0,0,0,0,0,0
880,29.333333333333332,2,2,0,locked,0,0,218.5,160.5,952.0,720.0,0,13.293,0.3191,17.3169,0,,,,0,0,0,0,0,0
881,29.366666666666667,2,2,0,locked,0,0,221.0,159.5,952.5,720.0,0,10.1293,0.33,14.0721,0,,,,0,0,0,0,0,0
882,29.4,2,2,0,locked,0,0,220.5,160.75,954.5,720.0,0,10.2148,0.3259,14.2055,0,,,,0,0,0,0,0,0
883,29.433333333333334,2,2,0,locked,0,0,223.0,160.0,956.0,720.0,0,12.1068,0.6003,16.6745,0,,,,0,0,0,0,0,0
884,29.466666666666665,2,2,0,locked,0,0,226.0,160.75,958.0,720.0,0,11.3977,0.3065,15.9446,0,,,,0,0,0,0,0,0
885,29.5,2,2,0,locked,0,0,226.0,160.25,957.0,720.0,0,15.0342,0.3283,18.908,0,,,,0,0,0,0,0,0
886,29.533333333333335,2,2,0,locked,0,0,225.5,160.5,959.0,720.0,0,10.5135,0.2953,14.145,0,,,,0,0,0,0,0,0
887,29.566666666666666,2,2,0,locked,0,0,225.5,160.0,963.0,720.0,0,11.0897,0.3346,15.2501,0,,,,0,0,0,0,0,0
888,29.6,2,2,0,locked,0,0,225.5,160.0,961.0,720.0,0,11.3732,0.3334,15.495,0,,,,0,0,0,0,0,0
889,29.633333333333333,2,2,0,locked,0,0,227.0,160.0,960.5,720.0,0,8.9397,0.3261,12.9158,0,,,,0,0,0,0,0,0
890,29.666666666666668,2,2,0,locked,0,0,225.5,159.0,966.0,720.0,0,14.7295,0.2985,18.5144,0,,,,0,0,0,0,0,0
891,29.7,2,2,0,locked,0,0,227.0,158.75,967.0,719.0,0,11.1729,0.2952,14.7607,0,,,,0,0,0,0,0,0
892,29.733333333333334,2,2,0,locked,0,0,226.5,157.5,964.0,720.0,0,9.1713,0.3103,12.8894,0,,,,0,0,0,0,0,0
893,29.766666666666666,2,2,0,locked,0,0,225.5,157.5,963.0,719.5,0,9.1926,0.3137,13.2549,0,,,,0,0,0,0,0,0
894,29.8,2,2,0,locked,0,0,227.5,157.0,965.5,718.5,0,13.9069,0.3005,17.6896,0,,,,0,0,0,0,0,0
895,29.833333333333332,2,2,0,locked,0,0,228.0,156.0,969.5,719.5,0,12.6482,0.3203,16.4521,0,,,,0,0,0,0,0,0
896,29.866666666666667,2,2,0,locked,0,0,227.0,155.5,966.0,719.0,0,12.8917,0.5567,17.2653,0,,,,0,0,0,0,0,0
897,29.9,2,2,0,locked,0,0,228.5,155.5,970.0,719.0,0,11.6281,0.3446,15.3063,0,,,,0,0,0,0,0,0
898,29.933333333333334,2,2,0,locked,0,0,231.0,155.0,969.0,719.0,0,11.7229,0.3356,15.4762,0,,,,0,0,0,0,0,0
899,29.966666666666665,3,2,1,locked,0,0,230.75,154.5,971.0,719.5,0,11.8575,0.3111,15.5474,0,,,,0,0,0,0,0,0
900,30.0,2,2,0,locked,0,0,230.5,155.0,973.5,719.0,0,9.6817,0.6648,14.1685,0,,,,0,0,0,0,0,0
901,30.033333333333335,3,2,1,locked,0,0,231.0,154.5,978.5,720.0,0,12.5735,0.3314,16.4336,0,,,,0,0,0,0,0,0
902,30.066666666666666,2,2,0,locked,0,0,233.5,155.75,978.0,719.5,0,15.0074,0.3293,18.9625,0,,,,0,0,0,0,0,0
903,30.1,3,2,1,locked,0,0,235.0,157.0,979.5,718.0,0,10.7073,0.3237,14.3084,0,,,,0,0,0,0,0,0
904,30.133333333333333,2,2,0,locked,0,0,234.5,157.0,979.5,718.5,0,11.4128,0.3132,15.0863,0,,,,0,0,0,0,0,0
905,30.166666666666668,2,2,0,locked,0,0,234.25,157.75,980.5,720.0,0,9.5075,0.3095,13.2909,0,,,,0,0,0,0,0,0
906,30.2,2,2,0,locked,0,0,237.0,159.0,985.0,720.0,0,8.6917,0.2929,12.3006,0,,,,0,0,0,0,0,0
907,30.233333333333334,2,2,0,locked,0,0,236.0,160.5,983.0,720.0,0,13.9652,0.3178,17.9349,0,,,,0,0,0,0,0,0
908,30.266666666666666,2,2,0,locked,0,0,235.5,160.5,981.5,720.0,0,15.1819,0.3099,19.0159,0,,,,0,0,0,0,0,0
909,30.3,2,2,0,locked,0,0,235.5,162.5,980.0,719.5,0,11.7638,0.3076,15.6403,0,,,,0,0,0,0,0,0
910,30.333333333333332,2,2,0,locked,0,0,235.25,163.25,975.0,719.0,0,11.9239,0.2957,15.7989,0,,,,0,0,0,0,0,0
911,30.366666666666667,2,2,0,locked,0,0,234.5,163.25,975.0,719.5,0,12.1422,0.3083,16.0963,0,,,,0,0,0,0,0,0
912,30.4,2,2,0,locked,0,0,233.0,164.5,975.0,719.5,0,11.819,0.3166,15.7483,0,,,,0,0,0,0,0,0
913,30.433333333333334,2,2,0,locked,0,0,232.25,164.5,978.0,719.0,0,13.9329,0.3231,17.9493,0,,,,0,0,0,0,0,0
914,30.466666666666665,2,2,0,locked,0,0,231.75,165.25,970.5,719.0,0,12.5721,0.3616,16.6614,0,,,,0,0,0,0,0,0
915,30.5,2,2,0,locked,0,0,230.75,166.25,967.0,719.5,0,10.294,0.3435,14.2767,0,,,,0,0,0,0,0,0
916,30.533333333333335,2,2,0,locked,0,0,228.0,166.5,965.0,720.0,0,8.642,0.3133,12.6073,0,,,,0,0,0,0,0,0
917,30.566666666666666,2,2,0,locked,0,0,228.0,167.5,966.0,720.0,0,12.6986,0.3192,16.5835,0,,,,0,0,0,0,0,0
918,30.6,2,2,0,locked,0,0,227.5,169.25,965.0,720.0,0,8.8453,0.2992,12.7929,0,,,,0,0,0,0,0,0
919,30.633333333333333,2,2,0,locked,0,0,225.5,169.0,966.0,720.0,0,14.9768,0.3289,18.972,0,,,,0,0,0,0,0,0
920,30.666666666666668,2,2,0,locked,0,0,225.5,170.25,965.0,720.0,0,12.1444,0.2928,16.1191,0,,,,0,0,0,0,0,0
